iso,country,Democracy index,year
afg,Afghanistan,30.6,2006
afg,Afghanistan,30.4,2007
afg,Afghanistan,30.2,2008
afg,Afghanistan,27.5,2009
afg,Afghanistan,24.8,2010
afg,Afghanistan,24.8,2011
afg,Afghanistan,24.8,2012
afg,Afghanistan,24.8,2013
afg,Afghanistan,27.7,2014
afg,Afghanistan,27.7,2015
afg,Afghanistan,25.5,2016
afg,Afghanistan,25.5,2017
afg,Afghanistan,29.7,2018
afg,Afghanistan,28.5,2019
alb,Albania,59.1,2006
alb,Albania,59.1,2007
alb,Albania,59.1,2008
alb,Albania,58.85,2009
alb,Albania,58.6,2010
alb,Albania,58.1,2011
alb,Albania,56.7,2012
alb,Albania,56.7,2013
alb,Albania,56.7,2014
alb,Albania,59.1,2015
alb,Albania,59.1,2016
alb,Albania,59.8,2017
alb,Albania,59.8,2018
alb,Albania,58.9,2019
dza,Algeria,31.7,2006
dza,Algeria,32.45,2007
dza,Algeria,33.2,2008
dza,Algeria,33.8,2009
dza,Algeria,34.4,2010
dza,Algeria,34.4,2011
dza,Algeria,38.3,2012
dza,Algeria,38.3,2013
dza,Algeria,38.3,2014
dza,Algeria,39.5,2015
dza,Algeria,35.6,2016
dza,Algeria,35.6,2017
dza,Algeria,35,2018
dza,Algeria,40.1,2019
ago,Angola,24.1,2006
ago,Angola,28.8,2007
ago,Angola,33.5,2008
ago,Angola,33.35,2009
ago,Angola,33.2,2010
ago,Angola,33.2,2011
ago,Angola,33.5,2012
ago,Angola,33.5,2013
ago,Angola,33.5,2014
ago,Angola,33.5,2015
ago,Angola,34,2016
ago,Angola,36.2,2017
ago,Angola,36.2,2018
ago,Angola,37.2,2019
arg,Argentina,66.3,2006
arg,Argentina,66.3,2007
arg,Argentina,66.3,2008
arg,Argentina,67.35,2009
arg,Argentina,68.4,2010
arg,Argentina,68.4,2011
arg,Argentina,68.4,2012
arg,Argentina,68.4,2013
arg,Argentina,68.4,2014
arg,Argentina,70.2,2015
arg,Argentina,69.6,2016
arg,Argentina,69.6,2017
arg,Argentina,70.2,2018
arg,Argentina,70.2,2019
arm,Armenia,41.5,2006
arm,Armenia,41.2,2007
arm,Armenia,40.9,2008
arm,Armenia,40.9,2009
arm,Armenia,40.9,2010
arm,Armenia,40.9,2011
arm,Armenia,40.9,2012
arm,Armenia,40.2,2013
arm,Armenia,41.3,2014
arm,Armenia,40,2015
arm,Armenia,38.8,2016
arm,Armenia,41.1,2017
arm,Armenia,47.9,2018
arm,Armenia,55.4,2019
aus,Australia,90.9,2006
aus,Australia,90.9,2007
aus,Australia,90.9,2008
aus,Australia,91.55,2009
aus,Australia,92.2,2010
aus,Australia,92.2,2011
aus,Australia,92.2,2012
aus,Australia,91.3,2013
aus,Australia,90.1,2014
aus,Australia,90.1,2015
aus,Australia,90.1,2016
aus,Australia,90.9,2017
aus,Australia,90.9,2018
aus,Australia,90.9,2019
aut,Austria,86.9,2006
aut,Austria,85.9,2007
aut,Austria,84.9,2008
aut,Austria,84.9,2009
aut,Austria,84.9,2010
aut,Austria,84.9,2011
aut,Austria,86.2,2012
aut,Austria,84.8,2013
aut,Austria,85.4,2014
aut,Austria,85.4,2015
aut,Austria,84.1,2016
aut,Austria,84.2,2017
aut,Austria,82.9,2018
aut,Austria,82.9,2019
aze,Azerbaijan,33.1,2006
aze,Azerbaijan,32.5,2007
aze,Azerbaijan,31.9,2008
aze,Azerbaijan,31.7,2009
aze,Azerbaijan,31.5,2010
aze,Azerbaijan,31.5,2011
aze,Azerbaijan,31.5,2012
aze,Azerbaijan,30.6,2013
aze,Azerbaijan,28.3,2014
aze,Azerbaijan,27.1,2015
aze,Azerbaijan,26.5,2016
aze,Azerbaijan,26.5,2017
aze,Azerbaijan,26.5,2018
aze,Azerbaijan,27.5,2019
bhr,Bahrain,35.3,2006
bhr,Bahrain,34.55,2007
bhr,Bahrain,33.8,2008
bhr,Bahrain,34.35,2009
bhr,Bahrain,34.9,2010
bhr,Bahrain,29.2,2011
bhr,Bahrain,25.3,2012
bhr,Bahrain,28.7,2013
bhr,Bahrain,28.7,2014
bhr,Bahrain,27.9,2015
bhr,Bahrain,27.9,2016
bhr,Bahrain,27.1,2017
bhr,Bahrain,27.1,2018
bhr,Bahrain,25.5,2019
bgd,Bangladesh,61.1,2006
bgd,Bangladesh,58.15,2007
bgd,Bangladesh,55.2,2008
bgd,Bangladesh,56.95,2009
bgd,Bangladesh,58.7,2010
bgd,Bangladesh,58.6,2011
bgd,Bangladesh,58.6,2012
bgd,Bangladesh,58.6,2013
bgd,Bangladesh,57.8,2014
bgd,Bangladesh,57.3,2015
bgd,Bangladesh,57.3,2016
bgd,Bangladesh,54.3,2017
bgd,Bangladesh,55.7,2018
bgd,Bangladesh,58.8,2019
blr,Belarus,33.4,2006
blr,Belarus,33.4,2007
blr,Belarus,33.4,2008
blr,Belarus,33.4,2009
blr,Belarus,33.4,2010
blr,Belarus,31.6,2011
blr,Belarus,30.4,2012
blr,Belarus,30.4,2013
blr,Belarus,36.9,2014
blr,Belarus,36.2,2015
blr,Belarus,35.4,2016
blr,Belarus,31.3,2017
blr,Belarus,31.3,2018
blr,Belarus,24.8,2019
bel,Belgium,81.5,2006
bel,Belgium,81.55,2007
bel,Belgium,81.6,2008
bel,Belgium,81.05,2009
bel,Belgium,80.5,2010
bel,Belgium,80.5,2011
bel,Belgium,80.5,2012
bel,Belgium,80.5,2013
bel,Belgium,79.3,2014
bel,Belgium,79.3,2015
bel,Belgium,77.7,2016
bel,Belgium,77.8,2017
bel,Belgium,77.8,2018
bel,Belgium,76.4,2019
ben,Benin,61.6,2006
ben,Benin,61.1,2007
ben,Benin,60.6,2008
ben,Benin,61.15,2009
ben,Benin,61.7,2010
ben,Benin,60.6,2011
ben,Benin,60,2012
ben,Benin,58.7,2013
ben,Benin,56.5,2014
ben,Benin,57.2,2015
ben,Benin,56.7,2016
ben,Benin,56.1,2017
ben,Benin,57.4,2018
ben,Benin,50.9,2019
btn,Bhutan,26.2,2006
btn,Bhutan,34.6,2007
btn,Bhutan,43,2008
btn,Bhutan,44.9,2009
btn,Bhutan,46.8,2010
btn,Bhutan,45.7,2011
btn,Bhutan,46.5,2012
btn,Bhutan,48.2,2013
btn,Bhutan,48.7,2014
btn,Bhutan,49.3,2015
btn,Bhutan,49.3,2016
btn,Bhutan,50.8,2017
btn,Bhutan,53,2018
btn,Bhutan,53,2019
bol,Bolivia,59.8,2006
bol,Bolivia,60.65,2007
bol,Bolivia,61.5,2008
bol,Bolivia,60.35,2009
bol,Bolivia,59.2,2010
bol,Bolivia,58.4,2011
bol,Bolivia,58.4,2012
bol,Bolivia,57.9,2013
bol,Bolivia,57.9,2014
bol,Bolivia,57.5,2015
bol,Bolivia,56.3,2016
bol,Bolivia,54.9,2017
bol,Bolivia,57,2018
bol,Bolivia,48.4,2019
bih,Bosnia and Herzegovina,57.8,2006
bih,Bosnia and Herzegovina,57.4,2007
bih,Bosnia and Herzegovina,57,2008
bih,Bosnia and Herzegovina,55.1,2009
bih,Bosnia and Herzegovina,53.2,2010
bih,Bosnia and Herzegovina,52.4,2011
bih,Bosnia and Herzegovina,51.1,2012
bih,Bosnia and Herzegovina,50.2,2013
bih,Bosnia and Herzegovina,47.8,2014
bih,Bosnia and Herzegovina,48.3,2015
bih,Bosnia and Herzegovina,48.7,2016
bih,Bosnia and Herzegovina,48.7,2017
bih,Bosnia and Herzegovina,49.8,2018
bih,Bosnia and Herzegovina,48.6,2019
bwa,Botswana,76,2006
bwa,Botswana,75.35,2007
bwa,Botswana,74.7,2008
bwa,Botswana,75.5,2009
bwa,Botswana,76.3,2010
bwa,Botswana,76.3,2011
bwa,Botswana,78.5,2012
bwa,Botswana,79.8,2013
bwa,Botswana,78.7,2014
bwa,Botswana,78.7,2015
bwa,Botswana,78.7,2016
bwa,Botswana,78.1,2017
bwa,Botswana,78.1,2018
bwa,Botswana,78.1,2019
bra,Brazil,73.8,2006
bra,Brazil,73.8,2007
bra,Brazil,73.8,2008
bra,Brazil,72.5,2009
bra,Brazil,71.2,2010
bra,Brazil,71.2,2011
bra,Brazil,71.2,2012
bra,Brazil,71.2,2013
bra,Brazil,73.8,2014
bra,Brazil,69.6,2015
bra,Brazil,69,2016
bra,Brazil,68.6,2017
bra,Brazil,69.7,2018
bra,Brazil,68.6,2019
bgr,Bulgaria,71,2006
bgr,Bulgaria,70.6,2007
bgr,Bulgaria,70.2,2008
bgr,Bulgaria,69.3,2009
bgr,Bulgaria,68.4,2010
bgr,Bulgaria,67.8,2011
bgr,Bulgaria,67.2,2012
bgr,Bulgaria,68.3,2013
bgr,Bulgaria,67.3,2014
bgr,Bulgaria,71.4,2015
bgr,Bulgaria,70.1,2016
bgr,Bulgaria,70.3,2017
bgr,Bulgaria,70.3,2018
bgr,Bulgaria,70.3,2019
bfa,Burkina Faso,37.2,2006
bfa,Burkina Faso,36.6,2007
bfa,Burkina Faso,36,2008
bfa,Burkina Faso,35.95,2009
bfa,Burkina Faso,35.9,2010
bfa,Burkina Faso,35.9,2011
bfa,Burkina Faso,35.2,2012
bfa,Burkina Faso,41.5,2013
bfa,Burkina Faso,40.9,2014
bfa,Burkina Faso,47,2015
bfa,Burkina Faso,47,2016
bfa,Burkina Faso,47.5,2017
bfa,Burkina Faso,47.5,2018
bfa,Burkina Faso,40.4,2019
bdi,Burundi,45.1,2006
bdi,Burundi,45.1,2007
bdi,Burundi,45.1,2008
bdi,Burundi,42.6,2009
bdi,Burundi,40.1,2010
bdi,Burundi,40.1,2011
bdi,Burundi,36,2012
bdi,Burundi,34.1,2013
bdi,Burundi,33.3,2014
bdi,Burundi,24.9,2015
bdi,Burundi,24,2016
bdi,Burundi,23.3,2017
bdi,Burundi,23.3,2018
bdi,Burundi,21.5,2019
khm,Cambodia,47.7,2006
khm,Cambodia,48.2,2007
khm,Cambodia,48.7,2008
khm,Cambodia,48.7,2009
khm,Cambodia,48.7,2010
khm,Cambodia,48.7,2011
khm,Cambodia,49.6,2012
khm,Cambodia,46,2013
khm,Cambodia,47.8,2014
khm,Cambodia,42.7,2015
khm,Cambodia,42.7,2016
khm,Cambodia,36.3,2017
khm,Cambodia,35.9,2018
khm,Cambodia,35.3,2019
cmr,Cameroon,32.7,2006
cmr,Cameroon,33.65,2007
cmr,Cameroon,34.6,2008
cmr,Cameroon,34.35,2009
cmr,Cameroon,34.1,2010
cmr,Cameroon,34.1,2011
cmr,Cameroon,34.4,2012
cmr,Cameroon,34.1,2013
cmr,Cameroon,34.1,2014
cmr,Cameroon,36.6,2015
cmr,Cameroon,34.6,2016
cmr,Cameroon,36.1,2017
cmr,Cameroon,32.8,2018
cmr,Cameroon,28.5,2019
can,Canada,90.7,2006
can,Canada,90.7,2007
can,Canada,90.7,2008
can,Canada,90.75,2009
can,Canada,90.8,2010
can,Canada,90.8,2011
can,Canada,90.8,2012
can,Canada,90.8,2013
can,Canada,90.8,2014
can,Canada,90.8,2015
can,Canada,91.5,2016
can,Canada,91.5,2017
can,Canada,91.5,2018
can,Canada,92.2,2019
cpv,Cape Verde,74.3,2006
cpv,Cape Verde,76.2,2007
cpv,Cape Verde,78.1,2008
cpv,Cape Verde,78.75,2009
cpv,Cape Verde,79.4,2010
cpv,Cape Verde,79.2,2011
cpv,Cape Verde,79.2,2012
cpv,Cape Verde,79.2,2013
cpv,Cape Verde,78.1,2014
cpv,Cape Verde,78.1,2015
cpv,Cape Verde,79.4,2016
cpv,Cape Verde,78.8,2017
cpv,Cape Verde,78.8,2018
cpv,Cape Verde,77.8,2019
caf,Central African Republic,16.1,2006
caf,Central African Republic,17.35,2007
caf,Central African Republic,18.6,2008
caf,Central African Republic,18.4,2009
caf,Central African Republic,18.2,2010
caf,Central African Republic,18.2,2011
caf,Central African Republic,19.9,2012
caf,Central African Republic,14.9,2013
caf,Central African Republic,14.9,2014
caf,Central African Republic,15.7,2015
caf,Central African Republic,16.1,2016
caf,Central African Republic,15.2,2017
caf,Central African Republic,15.2,2018
caf,Central African Republic,13.2,2019
tcd,Chad,16.5,2006
tcd,Chad,15.85,2007
tcd,Chad,15.2,2008
tcd,Chad,15.2,2009
tcd,Chad,15.2,2010
tcd,Chad,16.2,2011
tcd,Chad,16.2,2012
tcd,Chad,15,2013
tcd,Chad,15,2014
tcd,Chad,15,2015
tcd,Chad,15,2016
tcd,Chad,15,2017
tcd,Chad,16.1,2018
tcd,Chad,16.1,2019
chl,Chile,78.9,2006
chl,Chile,78.9,2007
chl,Chile,78.9,2008
chl,Chile,77.8,2009
chl,Chile,76.7,2010
chl,Chile,75.4,2011
chl,Chile,75.4,2012
chl,Chile,78,2013
chl,Chile,78,2014
chl,Chile,78.4,2015
chl,Chile,77.8,2016
chl,Chile,78.4,2017
chl,Chile,79.7,2018
chl,Chile,80.8,2019
chn,China,29.7,2006
chn,China,30.05,2007
chn,China,30.4,2008
chn,China,30.9,2009
chn,China,31.4,2010
chn,China,31.4,2011
chn,China,30,2012
chn,China,30,2013
chn,China,30,2014
chn,China,31.4,2015
chn,China,31.4,2016
chn,China,31,2017
chn,China,33.2,2018
chn,China,22.6,2019
col,Colombia,64,2006
col,Colombia,64.7,2007
col,Colombia,65.4,2008
col,Colombia,65.45,2009
col,Colombia,65.5,2010
col,Colombia,66.3,2011
col,Colombia,66.3,2012
col,Colombia,65.5,2013
col,Colombia,65.5,2014
col,Colombia,66.2,2015
col,Colombia,66.7,2016
col,Colombia,66.7,2017
col,Colombia,69.6,2018
col,Colombia,71.3,2019
com,Comoros,39,2006
com,Comoros,37.4,2007
com,Comoros,35.8,2008
com,Comoros,34.95,2009
com,Comoros,34.1,2010
com,Comoros,35.2,2011
com,Comoros,35.2,2012
com,Comoros,35.2,2013
com,Comoros,35.2,2014
com,Comoros,37.1,2015
com,Comoros,37.1,2016
com,Comoros,37.1,2017
com,Comoros,37.1,2018
com,Comoros,31.5,2019
cod,"Congo, Dem. Rep.",27.6,2006
cod,"Congo, Dem. Rep.",25.2,2007
cod,"Congo, Dem. Rep.",22.8,2008
cod,"Congo, Dem. Rep.",22.15,2009
cod,"Congo, Dem. Rep.",21.5,2010
cod,"Congo, Dem. Rep.",21.5,2011
cod,"Congo, Dem. Rep.",19.2,2012
cod,"Congo, Dem. Rep.",18.3,2013
cod,"Congo, Dem. Rep.",17.5,2014
cod,"Congo, Dem. Rep.",21.1,2015
cod,"Congo, Dem. Rep.",19.3,2016
cod,"Congo, Dem. Rep.",16.1,2017
cod,"Congo, Dem. Rep.",14.9,2018
cod,"Congo, Dem. Rep.",11.3,2019
cog,"Congo, Rep.",31.9,2006
cog,"Congo, Rep.",30.65,2007
cog,"Congo, Rep.",29.4,2008
cog,"Congo, Rep.",29.15,2009
cog,"Congo, Rep.",28.9,2010
cog,"Congo, Rep.",28.9,2011
cog,"Congo, Rep.",28.9,2012
cog,"Congo, Rep.",28.9,2013
cog,"Congo, Rep.",28.9,2014
cog,"Congo, Rep.",29.1,2015
cog,"Congo, Rep.",29.1,2016
cog,"Congo, Rep.",32.5,2017
cog,"Congo, Rep.",33.1,2018
cog,"Congo, Rep.",31.1,2019
cri,Costa Rica,80.4,2006
cri,Costa Rica,80.4,2007
cri,Costa Rica,80.4,2008
cri,Costa Rica,80.4,2009
cri,Costa Rica,80.4,2010
cri,Costa Rica,81,2011
cri,Costa Rica,81,2012
cri,Costa Rica,80.3,2013
cri,Costa Rica,80.3,2014
cri,Costa Rica,79.6,2015
cri,Costa Rica,78.8,2016
cri,Costa Rica,78.8,2017
cri,Costa Rica,80.7,2018
cri,Costa Rica,81.3,2019
civ,Cote d'Ivoire,33.8,2006
civ,Cote d'Ivoire,33.25,2007
civ,Cote d'Ivoire,32.7,2008
civ,Cote d'Ivoire,31.45,2009
civ,Cote d'Ivoire,30.2,2010
civ,Cote d'Ivoire,30.8,2011
civ,Cote d'Ivoire,32.5,2012
civ,Cote d'Ivoire,32.5,2013
civ,Cote d'Ivoire,35.3,2014
civ,Cote d'Ivoire,33.1,2015
civ,Cote d'Ivoire,38.1,2016
civ,Cote d'Ivoire,39.3,2017
civ,Cote d'Ivoire,41.5,2018
civ,Cote d'Ivoire,40.5,2019
hrv,Croatia,70.4,2006
hrv,Croatia,70.4,2007
hrv,Croatia,70.4,2008
hrv,Croatia,69.25,2009
hrv,Croatia,68.1,2010
hrv,Croatia,67.3,2011
hrv,Croatia,69.3,2012
hrv,Croatia,69.3,2013
hrv,Croatia,69.3,2014
hrv,Croatia,69.3,2015
hrv,Croatia,67.5,2016
hrv,Croatia,66.3,2017
hrv,Croatia,65.7,2018
hrv,Croatia,65.7,2019
cub,Cuba,35.2,2006
cub,Cuba,35.2,2007
cub,Cuba,35.2,2008
cub,Cuba,35.2,2009
cub,Cuba,35.2,2010
cub,Cuba,35.2,2011
cub,Cuba,35.2,2012
cub,Cuba,35.2,2013
cub,Cuba,35.2,2014
cub,Cuba,35.2,2015
cub,Cuba,34.6,2016
cub,Cuba,33.1,2017
cub,Cuba,30,2018
cub,Cuba,28.4,2019
cyp,Cyprus,76,2006
cyp,Cyprus,76.5,2007
cyp,Cyprus,77,2008
cyp,Cyprus,74.95,2009
cyp,Cyprus,72.9,2010
cyp,Cyprus,72.9,2011
cyp,Cyprus,72.9,2012
cyp,Cyprus,72.9,2013
cyp,Cyprus,74,2014
cyp,Cyprus,75.3,2015
cyp,Cyprus,76.5,2016
cyp,Cyprus,75.9,2017
cyp,Cyprus,75.9,2018
cyp,Cyprus,75.9,2019
cze,Czech Republic,81.7,2006
cze,Czech Republic,81.8,2007
cze,Czech Republic,81.9,2008
cze,Czech Republic,81.9,2009
cze,Czech Republic,81.9,2010
cze,Czech Republic,81.9,2011
cze,Czech Republic,81.9,2012
cze,Czech Republic,80.6,2013
cze,Czech Republic,79.4,2014
cze,Czech Republic,79.4,2015
cze,Czech Republic,78.2,2016
cze,Czech Republic,76.2,2017
cze,Czech Republic,76.9,2018
cze,Czech Republic,76.9,2019
dnk,Denmark,95.2,2006
dnk,Denmark,95.2,2007
dnk,Denmark,95.2,2008
dnk,Denmark,95.2,2009
dnk,Denmark,95.2,2010
dnk,Denmark,95.2,2011
dnk,Denmark,95.2,2012
dnk,Denmark,93.8,2013
dnk,Denmark,91.1,2014
dnk,Denmark,91.1,2015
dnk,Denmark,92,2016
dnk,Denmark,92.2,2017
dnk,Denmark,92.2,2018
dnk,Denmark,92.2,2019
dji,Djibouti,23.7,2006
dji,Djibouti,23.7,2007
dji,Djibouti,23.7,2008
dji,Djibouti,22.85,2009
dji,Djibouti,22,2010
dji,Djibouti,26.8,2011
dji,Djibouti,27.4,2012
dji,Djibouti,29.6,2013
dji,Djibouti,29.9,2014
dji,Djibouti,29,2015
dji,Djibouti,28.3,2016
dji,Djibouti,27.6,2017
dji,Djibouti,28.7,2018
dji,Djibouti,27.7,2019
dom,Dominican Republic,61.3,2006
dom,Dominican Republic,61.65,2007
dom,Dominican Republic,62,2008
dom,Dominican Republic,62,2009
dom,Dominican Republic,62,2010
dom,Dominican Republic,62,2011
dom,Dominican Republic,64.9,2012
dom,Dominican Republic,67.4,2013
dom,Dominican Republic,66.7,2014
dom,Dominican Republic,66.7,2015
dom,Dominican Republic,66.7,2016
dom,Dominican Republic,66.6,2017
dom,Dominican Republic,65.4,2018
dom,Dominican Republic,65.4,2019
ecu,Ecuador,56.4,2006
ecu,Ecuador,56.4,2007
ecu,Ecuador,56.4,2008
ecu,Ecuador,57.05,2009
ecu,Ecuador,57.7,2010
ecu,Ecuador,57.2,2011
ecu,Ecuador,57.8,2012
ecu,Ecuador,58.7,2013
ecu,Ecuador,58.7,2014
ecu,Ecuador,58.7,2015
ecu,Ecuador,58.1,2016
ecu,Ecuador,60.2,2017
ecu,Ecuador,62.7,2018
ecu,Ecuador,63.3,2019
egy,Egypt,39,2006
egy,Egypt,38.95,2007
egy,Egypt,38.9,2008
egy,Egypt,34.8,2009
egy,Egypt,30.7,2010
egy,Egypt,39.5,2011
egy,Egypt,45.6,2012
egy,Egypt,32.7,2013
egy,Egypt,31.6,2014
egy,Egypt,31.8,2015
egy,Egypt,33.1,2016
egy,Egypt,33.6,2017
egy,Egypt,33.6,2018
egy,Egypt,30.6,2019
slv,El Salvador,62.2,2006
slv,El Salvador,63.1,2007
slv,El Salvador,64,2008
slv,El Salvador,64.35,2009
slv,El Salvador,64.7,2010
slv,El Salvador,64.7,2011
slv,El Salvador,64.7,2012
slv,El Salvador,65.3,2013
slv,El Salvador,65.3,2014
slv,El Salvador,66.4,2015
slv,El Salvador,66.4,2016
slv,El Salvador,64.3,2017
slv,El Salvador,59.6,2018
slv,El Salvador,61.5,2019
gnq,Equatorial Guinea,20.9,2006
gnq,Equatorial Guinea,21.4,2007
gnq,Equatorial Guinea,21.9,2008
gnq,Equatorial Guinea,20.15,2009
gnq,Equatorial Guinea,18.4,2010
gnq,Equatorial Guinea,17.7,2011
gnq,Equatorial Guinea,18.3,2012
gnq,Equatorial Guinea,17.7,2013
gnq,Equatorial Guinea,16.6,2014
gnq,Equatorial Guinea,17.7,2015
gnq,Equatorial Guinea,17,2016
gnq,Equatorial Guinea,18.1,2017
gnq,Equatorial Guinea,19.2,2018
gnq,Equatorial Guinea,19.2,2019
eri,Eritrea,23.1,2006
eri,Eritrea,23.1,2007
eri,Eritrea,23.1,2008
eri,Eritrea,23.1,2009
eri,Eritrea,23.1,2010
eri,Eritrea,23.4,2011
eri,Eritrea,24,2012
eri,Eritrea,24,2013
eri,Eritrea,24.4,2014
eri,Eritrea,23.7,2015
eri,Eritrea,23.7,2016
eri,Eritrea,23.7,2017
eri,Eritrea,23.7,2018
eri,Eritrea,23.7,2019
est,Estonia,77.4,2006
est,Estonia,77.1,2007
est,Estonia,76.8,2008
est,Estonia,76.8,2009
est,Estonia,76.8,2010
est,Estonia,76.1,2011
est,Estonia,76.1,2012
est,Estonia,76.1,2013
est,Estonia,77.4,2014
est,Estonia,78.5,2015
est,Estonia,78.5,2016
est,Estonia,77.9,2017
est,Estonia,79.7,2018
est,Estonia,79,2019
eth,Ethiopia,47.2,2006
eth,Ethiopia,46.2,2007
eth,Ethiopia,45.2,2008
eth,Ethiopia,41,2009
eth,Ethiopia,36.8,2010
eth,Ethiopia,37.9,2011
eth,Ethiopia,37.2,2012
eth,Ethiopia,38.3,2013
eth,Ethiopia,37.2,2014
eth,Ethiopia,38.3,2015
eth,Ethiopia,36,2016
eth,Ethiopia,34.2,2017
eth,Ethiopia,33.5,2018
eth,Ethiopia,34.4,2019
fji,Fiji,56.6,2006
fji,Fiji,53.85,2007
fji,Fiji,51.1,2008
fji,Fiji,43.65,2009
fji,Fiji,36.2,2010
fji,Fiji,36.7,2011
fji,Fiji,36.7,2012
fji,Fiji,36.1,2013
fji,Fiji,56.1,2014
fji,Fiji,56.9,2015
fji,Fiji,56.4,2016
fji,Fiji,58.5,2017
fji,Fiji,58.5,2018
fji,Fiji,58.5,2019
fin,Finland,92.5,2006
fin,Finland,92.5,2007
fin,Finland,92.5,2008
fin,Finland,92.2,2009
fin,Finland,91.9,2010
fin,Finland,90.6,2011
fin,Finland,90.6,2012
fin,Finland,90.3,2013
fin,Finland,90.3,2014
fin,Finland,90.3,2015
fin,Finland,90.3,2016
fin,Finland,90.3,2017
fin,Finland,91.4,2018
fin,Finland,92.5,2019
fra,France,80.7,2006
fra,France,80.7,2007
fra,France,80.7,2008
fra,France,79.2,2009
fra,France,77.7,2010
fra,France,77.7,2011
fra,France,78.8,2012
fra,France,79.2,2013
fra,France,80.4,2014
fra,France,79.2,2015
fra,France,79.2,2016
fra,France,78,2017
fra,France,78,2018
fra,France,81.2,2019
gab,Gabon,27.2,2006
gab,Gabon,28.6,2007
gab,Gabon,30,2008
gab,Gabon,31.45,2009
gab,Gabon,32.9,2010
gab,Gabon,34.8,2011
gab,Gabon,35.6,2012
gab,Gabon,37.6,2013
gab,Gabon,37.6,2014
gab,Gabon,37.6,2015
gab,Gabon,37.4,2016
gab,Gabon,36.1,2017
gab,Gabon,36.1,2018
gab,Gabon,36.1,2019
gmb,Gambia,43.9,2006
gmb,Gambia,42.9,2007
gmb,Gambia,41.9,2008
gmb,Gambia,37.85,2009
gmb,Gambia,33.8,2010
gmb,Gambia,33.8,2011
gmb,Gambia,33.1,2012
gmb,Gambia,33.1,2013
gmb,Gambia,30.5,2014
gmb,Gambia,29.7,2015
gmb,Gambia,29.1,2016
gmb,Gambia,40.6,2017
gmb,Gambia,43.1,2018
gmb,Gambia,43.3,2019
geo,Georgia,49,2006
geo,Georgia,47.6,2007
geo,Georgia,46.2,2008
geo,Georgia,46.05,2009
geo,Georgia,45.9,2010
geo,Georgia,47.4,2011
geo,Georgia,55.3,2012
geo,Georgia,59.5,2013
geo,Georgia,58.2,2014
geo,Georgia,58.8,2015
geo,Georgia,59.3,2016
geo,Georgia,59.3,2017
geo,Georgia,55,2018
geo,Georgia,54.2,2019
deu,Germany,88.2,2006
deu,Germany,88.2,2007
deu,Germany,88.2,2008
deu,Germany,86,2009
deu,Germany,83.8,2010
deu,Germany,83.4,2011
deu,Germany,83.4,2012
deu,Germany,83.1,2013
deu,Germany,86.4,2014
deu,Germany,86.4,2015
deu,Germany,86.3,2016
deu,Germany,86.1,2017
deu,Germany,86.8,2018
deu,Germany,86.8,2019
gha,Ghana,53.5,2006
gha,Ghana,53.5,2007
gha,Ghana,53.5,2008
gha,Ghana,56.85,2009
gha,Ghana,60.2,2010
gha,Ghana,60.2,2011
gha,Ghana,60.2,2012
gha,Ghana,63.3,2013
gha,Ghana,63.3,2014
gha,Ghana,68.6,2015
gha,Ghana,67.5,2016
gha,Ghana,66.9,2017
gha,Ghana,66.3,2018
gha,Ghana,66.3,2019
grc,Greece,81.3,2006
grc,Greece,81.3,2007
grc,Greece,81.3,2008
grc,Greece,80.25,2009
grc,Greece,79.2,2010
grc,Greece,76.5,2011
grc,Greece,76.5,2012
grc,Greece,76.5,2013
grc,Greece,74.5,2014
grc,Greece,74.5,2015
grc,Greece,72.3,2016
grc,Greece,72.9,2017
grc,Greece,72.9,2018
grc,Greece,74.3,2019
gtm,Guatemala,60.7,2006
gtm,Guatemala,60.7,2007
gtm,Guatemala,60.7,2008
gtm,Guatemala,60.6,2009
gtm,Guatemala,60.5,2010
gtm,Guatemala,58.8,2011
gtm,Guatemala,58.8,2012
gtm,Guatemala,58.1,2013
gtm,Guatemala,58.1,2014
gtm,Guatemala,59.2,2015
gtm,Guatemala,59.2,2016
gtm,Guatemala,58.6,2017
gtm,Guatemala,56,2018
gtm,Guatemala,52.6,2019
gin,Guinea,20.2,2006
gin,Guinea,20.55,2007
gin,Guinea,20.9,2008
gin,Guinea,24.4,2009
gin,Guinea,27.9,2010
gin,Guinea,27.9,2011
gin,Guinea,27.9,2012
gin,Guinea,28.4,2013
gin,Guinea,30.1,2014
gin,Guinea,31.4,2015
gin,Guinea,31.4,2016
gin,Guinea,31.4,2017
gin,Guinea,31.4,2018
gin,Guinea,31.4,2019
gnb,Guinea-Bissau,20,2006
gnb,Guinea-Bissau,19.95,2007
gnb,Guinea-Bissau,19.9,2008
gnb,Guinea-Bissau,19.9,2009
gnb,Guinea-Bissau,19.9,2010
gnb,Guinea-Bissau,19.9,2011
gnb,Guinea-Bissau,14.3,2012
gnb,Guinea-Bissau,12.6,2013
gnb,Guinea-Bissau,19.3,2014
gnb,Guinea-Bissau,19.3,2015
gnb,Guinea-Bissau,19.8,2016
gnb,Guinea-Bissau,19.8,2017
gnb,Guinea-Bissau,19.8,2018
gnb,Guinea-Bissau,26.3,2019
guy,Guyana,61.5,2006
guy,Guyana,61.35,2007
guy,Guyana,61.2,2008
guy,Guyana,60.85,2009
guy,Guyana,60.5,2010
guy,Guyana,60.5,2011
guy,Guyana,60.5,2012
guy,Guyana,60.5,2013
guy,Guyana,59.1,2014
guy,Guyana,60.5,2015
guy,Guyana,62.5,2016
guy,Guyana,64.6,2017
guy,Guyana,66.7,2018
guy,Guyana,61.5,2019
hti,Haiti,41.9,2006
hti,Haiti,41.9,2007
hti,Haiti,41.9,2008
hti,Haiti,40.95,2009
hti,Haiti,40,2010
hti,Haiti,40,2011
hti,Haiti,39.6,2012
hti,Haiti,39.4,2013
hti,Haiti,38.2,2014
hti,Haiti,39.4,2015
hti,Haiti,40.2,2016
hti,Haiti,40.3,2017
hti,Haiti,49.1,2018
hti,Haiti,45.7,2019
hnd,Honduras,62.5,2006
hnd,Honduras,62.15,2007
hnd,Honduras,61.8,2008
hnd,Honduras,59.7,2009
hnd,Honduras,57.6,2010
hnd,Honduras,58.4,2011
hnd,Honduras,58.4,2012
hnd,Honduras,58.4,2013
hnd,Honduras,58.4,2014
hnd,Honduras,58.4,2015
hnd,Honduras,59.2,2016
hnd,Honduras,57.2,2017
hnd,Honduras,56.3,2018
hnd,Honduras,54.2,2019
hkg,"Hong Kong, China",60.3,2006
hkg,"Hong Kong, China",59.4,2007
hkg,"Hong Kong, China",58.5,2008
hkg,"Hong Kong, China",58.85,2009
hkg,"Hong Kong, China",59.2,2010
hkg,"Hong Kong, China",59.2,2011
hkg,"Hong Kong, China",64.2,2012
hkg,"Hong Kong, China",64.2,2013
hkg,"Hong Kong, China",64.6,2014
hkg,"Hong Kong, China",65,2015
hkg,"Hong Kong, China",64.2,2016
hkg,"Hong Kong, China",63.1,2017
hkg,"Hong Kong, China",61.5,2018
hkg,"Hong Kong, China",60.2,2019
hun,Hungary,75.3,2006
hun,Hungary,74.85,2007
hun,Hungary,74.4,2008
hun,Hungary,73.25,2009
hun,Hungary,72.1,2010
hun,Hungary,70.4,2011
hun,Hungary,69.6,2012
hun,Hungary,69.6,2013
hun,Hungary,69,2014
hun,Hungary,68.4,2015
hun,Hungary,67.2,2016
hun,Hungary,66.4,2017
hun,Hungary,66.3,2018
hun,Hungary,66.3,2019
isl,Iceland,97.1,2006
isl,Iceland,96.8,2007
isl,Iceland,96.5,2008
isl,Iceland,96.5,2009
isl,Iceland,96.5,2010
isl,Iceland,96.5,2011
isl,Iceland,96.5,2012
isl,Iceland,96.5,2013
isl,Iceland,95.8,2014
isl,Iceland,95.8,2015
isl,Iceland,95,2016
isl,Iceland,95.8,2017
isl,Iceland,95.8,2018
isl,Iceland,95.8,2019
ind,India,76.8,2006
ind,India,77.4,2007
ind,India,78,2008
ind,India,75.4,2009
ind,India,72.8,2010
ind,India,73,2011
ind,India,75.2,2012
ind,India,76.9,2013
ind,India,79.2,2014
ind,India,77.4,2015
ind,India,78.1,2016
ind,India,72.3,2017
ind,India,72.3,2018
ind,India,69,2019
idn,Indonesia,64.1,2006
idn,Indonesia,63.75,2007
idn,Indonesia,63.4,2008
idn,Indonesia,64.35,2009
idn,Indonesia,65.3,2010
idn,Indonesia,65.3,2011
idn,Indonesia,67.6,2012
idn,Indonesia,68.2,2013
idn,Indonesia,69.5,2014
idn,Indonesia,70.3,2015
idn,Indonesia,69.7,2016
idn,Indonesia,63.9,2017
idn,Indonesia,63.9,2018
idn,Indonesia,64.8,2019
irn,Iran,29.3,2006
irn,Iran,28.8,2007
irn,Iran,28.3,2008
irn,Iran,23.85,2009
irn,Iran,19.4,2010
irn,Iran,19.8,2011
irn,Iran,19.8,2012
irn,Iran,19.8,2013
irn,Iran,19.8,2014
irn,Iran,21.6,2015
irn,Iran,23.4,2016
irn,Iran,24.5,2017
irn,Iran,24.5,2018
irn,Iran,23.8,2019
irq,Iraq,40.1,2006
irq,Iraq,40.05,2007
irq,Iraq,40,2008
irq,Iraq,40,2009
irq,Iraq,40,2010
irq,Iraq,40.3,2011
irq,Iraq,41,2012
irq,Iraq,41,2013
irq,Iraq,42.3,2014
irq,Iraq,40.8,2015
irq,Iraq,40.8,2016
irq,Iraq,40.9,2017
irq,Iraq,40.6,2018
irq,Iraq,37.4,2019
irl,Ireland,90.1,2006
irl,Ireland,90.1,2007
irl,Ireland,90.1,2008
irl,Ireland,89,2009
irl,Ireland,87.9,2010
irl,Ireland,85.6,2011
irl,Ireland,85.6,2012
irl,Ireland,86.8,2013
irl,Ireland,87.2,2014
irl,Ireland,88.5,2015
irl,Ireland,91.5,2016
irl,Ireland,91.5,2017
irl,Ireland,91.5,2018
irl,Ireland,92.4,2019
isr,Israel,72.8,2006
isr,Israel,73.8,2007
isr,Israel,74.8,2008
isr,Israel,74.8,2009
isr,Israel,74.8,2010
isr,Israel,75.3,2011
isr,Israel,75.3,2012
isr,Israel,75.3,2013
isr,Israel,76.3,2014
isr,Israel,77.7,2015
isr,Israel,78.5,2016
isr,Israel,77.9,2017
isr,Israel,77.9,2018
isr,Israel,78.6,2019
ita,Italy,77.3,2006
ita,Italy,78.55,2007
ita,Italy,79.8,2008
ita,Italy,79.05,2009
ita,Italy,78.3,2010
ita,Italy,77.4,2011
ita,Italy,77.4,2012
ita,Italy,78.5,2013
ita,Italy,78.5,2014
ita,Italy,79.8,2015
ita,Italy,79.8,2016
ita,Italy,79.8,2017
ita,Italy,77.1,2018
ita,Italy,75.2,2019
jam,Jamaica,73.4,2006
jam,Jamaica,72.75,2007
jam,Jamaica,72.1,2008
jam,Jamaica,72.1,2009
jam,Jamaica,72.1,2010
jam,Jamaica,71.3,2011
jam,Jamaica,73.9,2012
jam,Jamaica,73.9,2013
jam,Jamaica,73.9,2014
jam,Jamaica,73.9,2015
jam,Jamaica,73.9,2016
jam,Jamaica,72.9,2017
jam,Jamaica,70.2,2018
jam,Jamaica,69.6,2019
jpn,Japan,81.5,2006
jpn,Japan,82,2007
jpn,Japan,82.5,2008
jpn,Japan,81.65,2009
jpn,Japan,80.8,2010
jpn,Japan,80.8,2011
jpn,Japan,80.8,2012
jpn,Japan,80.8,2013
jpn,Japan,80.8,2014
jpn,Japan,79.6,2015
jpn,Japan,79.9,2016
jpn,Japan,78.8,2017
jpn,Japan,79.9,2018
jpn,Japan,79.9,2019
jor,Jordan,39.2,2006
jor,Jordan,39.25,2007
jor,Jordan,39.3,2008
jor,Jordan,38.35,2009
jor,Jordan,37.4,2010
jor,Jordan,38.9,2011
jor,Jordan,37.6,2012
jor,Jordan,37.6,2013
jor,Jordan,37.6,2014
jor,Jordan,38.6,2015
jor,Jordan,39.6,2016
jor,Jordan,38.7,2017
jor,Jordan,39.3,2018
jor,Jordan,39.3,2019
kaz,Kazakhstan,36.2,2006
kaz,Kazakhstan,35.35,2007
kaz,Kazakhstan,34.5,2008
kaz,Kazakhstan,33.75,2009
kaz,Kazakhstan,33,2010
kaz,Kazakhstan,32.4,2011
kaz,Kazakhstan,29.5,2012
kaz,Kazakhstan,30.6,2013
kaz,Kazakhstan,31.7,2014
kaz,Kazakhstan,30.6,2015
kaz,Kazakhstan,30.6,2016
kaz,Kazakhstan,30.6,2017
kaz,Kazakhstan,29.4,2018
kaz,Kazakhstan,29.4,2019
ken,Kenya,50.8,2006
ken,Kenya,49.35,2007
ken,Kenya,47.9,2008
ken,Kenya,47.5,2009
ken,Kenya,47.1,2010
ken,Kenya,47.1,2011
ken,Kenya,47.1,2012
ken,Kenya,51.3,2013
ken,Kenya,51.3,2014
ken,Kenya,53.3,2015
ken,Kenya,53.3,2016
ken,Kenya,51.1,2017
ken,Kenya,51.1,2018
ken,Kenya,51.8,2019
kwt,Kuwait,30.9,2006
kwt,Kuwait,32.4,2007
kwt,Kuwait,33.9,2008
kwt,Kuwait,36.35,2009
kwt,Kuwait,38.8,2010
kwt,Kuwait,37.4,2011
kwt,Kuwait,37.8,2012
kwt,Kuwait,37.8,2013
kwt,Kuwait,37.8,2014
kwt,Kuwait,38.5,2015
kwt,Kuwait,38.5,2016
kwt,Kuwait,38.5,2017
kwt,Kuwait,38.5,2018
kwt,Kuwait,39.3,2019
kgz,Kyrgyz Republic,40.8,2006
kgz,Kyrgyz Republic,40.65,2007
kgz,Kyrgyz Republic,40.5,2008
kgz,Kyrgyz Republic,41.8,2009
kgz,Kyrgyz Republic,43.1,2010
kgz,Kyrgyz Republic,43.4,2011
kgz,Kyrgyz Republic,46.9,2012
kgz,Kyrgyz Republic,46.9,2013
kgz,Kyrgyz Republic,52.4,2014
kgz,Kyrgyz Republic,53.3,2015
kgz,Kyrgyz Republic,49.3,2016
kgz,Kyrgyz Republic,51.1,2017
kgz,Kyrgyz Republic,51.1,2018
kgz,Kyrgyz Republic,48.9,2019
lao,Lao,21,2006
lao,Lao,21,2007
lao,Lao,21,2008
lao,Lao,21,2009
lao,Lao,21,2010
lao,Lao,21,2011
lao,Lao,23.2,2012
lao,Lao,22.1,2013
lao,Lao,22.1,2014
lao,Lao,22.1,2015
lao,Lao,23.7,2016
lao,Lao,23.7,2017
lao,Lao,23.7,2018
lao,Lao,21.4,2019
lva,Latvia,73.7,2006
lva,Latvia,73,2007
lva,Latvia,72.3,2008
lva,Latvia,71.4,2009
lva,Latvia,70.5,2010
lva,Latvia,70.5,2011
lva,Latvia,70.5,2012
lva,Latvia,70.5,2013
lva,Latvia,74.8,2014
lva,Latvia,73.7,2015
lva,Latvia,73.1,2016
lva,Latvia,72.5,2017
lva,Latvia,73.8,2018
lva,Latvia,74.9,2019
lbn,Lebanon,58.2,2006
lbn,Lebanon,57.2,2007
lbn,Lebanon,56.2,2008
lbn,Lebanon,57.2,2009
lbn,Lebanon,58.2,2010
lbn,Lebanon,53.2,2011
lbn,Lebanon,50.5,2012
lbn,Lebanon,50.5,2013
lbn,Lebanon,51.2,2014
lbn,Lebanon,48.6,2015
lbn,Lebanon,48.6,2016
lbn,Lebanon,47.2,2017
lbn,Lebanon,46.3,2018
lbn,Lebanon,43.6,2019
lso,Lesotho,64.8,2006
lso,Lesotho,63.85,2007
lso,Lesotho,62.9,2008
lso,Lesotho,61.55,2009
lso,Lesotho,60.2,2010
lso,Lesotho,63.3,2011
lso,Lesotho,66.6,2012
lso,Lesotho,66.6,2013
lso,Lesotho,66.6,2014
lso,Lesotho,65.9,2015
lso,Lesotho,65.9,2016
lso,Lesotho,66.4,2017
lso,Lesotho,66.4,2018
lso,Lesotho,65.4,2019
lbr,Liberia,52.2,2006
lbr,Liberia,52.35,2007
lbr,Liberia,52.5,2008
lbr,Liberia,51.6,2009
lbr,Liberia,50.7,2010
lbr,Liberia,50.7,2011
lbr,Liberia,49.5,2012
lbr,Liberia,49.5,2013
lbr,Liberia,49.5,2014
lbr,Liberia,49.5,2015
lbr,Liberia,53.1,2016
lbr,Liberia,52.3,2017
lbr,Liberia,53.5,2018
lbr,Liberia,54.5,2019
lby,Libya,18.4,2006
lby,Libya,19.2,2007
lby,Libya,20,2008
lby,Libya,19.7,2009
lby,Libya,19.4,2010
lby,Libya,35.5,2011
lby,Libya,51.5,2012
lby,Libya,48.2,2013
lby,Libya,38,2014
lby,Libya,22.5,2015
lby,Libya,22.5,2016
lby,Libya,23.2,2017
lby,Libya,21.9,2018
lby,Libya,20.2,2019
ltu,Lithuania,74.3,2006
ltu,Lithuania,73.95,2007
ltu,Lithuania,73.6,2008
ltu,Lithuania,73,2009
ltu,Lithuania,72.4,2010
ltu,Lithuania,72.4,2011
ltu,Lithuania,72.4,2012
ltu,Lithuania,75.4,2013
ltu,Lithuania,75.4,2014
ltu,Lithuania,75.4,2015
ltu,Lithuania,74.7,2016
ltu,Lithuania,74.1,2017
ltu,Lithuania,75,2018
ltu,Lithuania,75,2019
lux,Luxembourg,91,2006
lux,Luxembourg,91,2007
lux,Luxembourg,91,2008
lux,Luxembourg,89.9,2009
lux,Luxembourg,88.8,2010
lux,Luxembourg,88.8,2011
lux,Luxembourg,88.8,2012
lux,Luxembourg,88.8,2013
lux,Luxembourg,88.8,2014
lux,Luxembourg,88.8,2015
lux,Luxembourg,88.1,2016
lux,Luxembourg,88.1,2017
lux,Luxembourg,88.1,2018
lux,Luxembourg,88.1,2019
mkd,"Macedonia, FYR",63.3,2006
mkd,"Macedonia, FYR",62.7,2007
mkd,"Macedonia, FYR",62.1,2008
mkd,"Macedonia, FYR",61.85,2009
mkd,"Macedonia, FYR",61.6,2010
mkd,"Macedonia, FYR",61.6,2011
mkd,"Macedonia, FYR",61.6,2012
mkd,"Macedonia, FYR",61.6,2013
mkd,"Macedonia, FYR",62.5,2014
mkd,"Macedonia, FYR",60.2,2015
mkd,"Macedonia, FYR",52.3,2016
mkd,"Macedonia, FYR",55.7,2017
mkd,"Macedonia, FYR",58.7,2018
mkd,"Macedonia, FYR",59.7,2019
mdg,Madagascar,58.2,2006
mdg,Madagascar,56.95,2007
mdg,Madagascar,55.7,2008
mdg,Madagascar,47.55,2009
mdg,Madagascar,39.4,2010
mdg,Madagascar,39.3,2011
mdg,Madagascar,39.3,2012
mdg,Madagascar,43.2,2013
mdg,Madagascar,44.2,2014
mdg,Madagascar,48.5,2015
mdg,Madagascar,50.7,2016
mdg,Madagascar,51.1,2017
mdg,Madagascar,52.2,2018
mdg,Madagascar,56.4,2019
mwi,Malawi,49.7,2006
mwi,Malawi,50.5,2007
mwi,Malawi,51.3,2008
mwi,Malawi,54.85,2009
mwi,Malawi,58.4,2010
mwi,Malawi,58.4,2011
mwi,Malawi,60.8,2012
mwi,Malawi,60,2013
mwi,Malawi,56.6,2014
mwi,Malawi,55.5,2015
mwi,Malawi,55.5,2016
mwi,Malawi,54.9,2017
mwi,Malawi,54.9,2018
mwi,Malawi,55,2019
mys,Malaysia,59.8,2006
mys,Malaysia,61.7,2007
mys,Malaysia,63.6,2008
mys,Malaysia,62.75,2009
mys,Malaysia,61.9,2010
mys,Malaysia,61.9,2011
mys,Malaysia,64.1,2012
mys,Malaysia,64.9,2013
mys,Malaysia,64.9,2014
mys,Malaysia,64.3,2015
mys,Malaysia,65.4,2016
mys,Malaysia,65.4,2017
mys,Malaysia,68.8,2018
mys,Malaysia,71.6,2019
mli,Mali,59.9,2006
mli,Mali,59.3,2007
mli,Mali,58.7,2008
mli,Mali,59.4,2009
mli,Mali,60.1,2010
mli,Mali,63.6,2011
mli,Mali,51.2,2012
mli,Mali,59,2013
mli,Mali,57.9,2014
mli,Mali,57,2015
mli,Mali,57,2016
mli,Mali,56.4,2017
mli,Mali,54.1,2018
mli,Mali,49.2,2019
mlt,Malta,83.9,2006
mlt,Malta,83.9,2007
mlt,Malta,83.9,2008
mlt,Malta,83.35,2009
mlt,Malta,82.8,2010
mlt,Malta,82.8,2011
mlt,Malta,82.8,2012
mlt,Malta,82.8,2013
mlt,Malta,83.9,2014
mlt,Malta,83.9,2015
mlt,Malta,83.9,2016
mlt,Malta,81.5,2017
mlt,Malta,82.1,2018
mlt,Malta,79.5,2019
mrt,Mauritania,31.2,2006
mrt,Mauritania,35.15,2007
mrt,Mauritania,39.1,2008
mrt,Mauritania,38.85,2009
mrt,Mauritania,38.6,2010
mrt,Mauritania,41.7,2011
mrt,Mauritania,41.7,2012
mrt,Mauritania,41.7,2013
mrt,Mauritania,41.7,2014
mrt,Mauritania,39.6,2015
mrt,Mauritania,39.6,2016
mrt,Mauritania,38.2,2017
mrt,Mauritania,38.2,2018
mrt,Mauritania,39.2,2019
mus,Mauritius,80.4,2006
mus,Mauritius,80.4,2007
mus,Mauritius,80.4,2008
mus,Mauritius,80.4,2009
mus,Mauritius,80.4,2010
mus,Mauritius,80.4,2011
mus,Mauritius,81.7,2012
mus,Mauritius,81.7,2013
mus,Mauritius,81.7,2014
mus,Mauritius,82.8,2015
mus,Mauritius,82.8,2016
mus,Mauritius,82.2,2017
mus,Mauritius,82.2,2018
mus,Mauritius,82.2,2019
mex,Mexico,66.7,2006
mex,Mexico,67.25,2007
mex,Mexico,67.8,2008
mex,Mexico,68.55,2009
mex,Mexico,69.3,2010
mex,Mexico,69.3,2011
mex,Mexico,69,2012
mex,Mexico,69.1,2013
mex,Mexico,66.8,2014
mex,Mexico,65.5,2015
mex,Mexico,64.7,2016
mex,Mexico,64.1,2017
mex,Mexico,61.9,2018
mex,Mexico,60.9,2019
mda,Moldova,65,2006
mda,Moldova,65,2007
mda,Moldova,65,2008
mda,Moldova,64.15,2009
mda,Moldova,63.3,2010
mda,Moldova,63.3,2011
mda,Moldova,63.2,2012
mda,Moldova,63.2,2013
mda,Moldova,63.2,2014
mda,Moldova,63.5,2015
mda,Moldova,60.1,2016
mda,Moldova,59.4,2017
mda,Moldova,58.5,2018
mda,Moldova,57.5,2019
mng,Mongolia,66,2006
mng,Mongolia,66,2007
mng,Mongolia,66,2008
mng,Mongolia,64.8,2009
mng,Mongolia,63.6,2010
mng,Mongolia,62.3,2011
mng,Mongolia,63.5,2012
mng,Mongolia,65.1,2013
mng,Mongolia,66.2,2014
mng,Mongolia,66.2,2015
mng,Mongolia,66.2,2016
mng,Mongolia,65,2017
mng,Mongolia,65,2018
mng,Mongolia,65,2019
mne,Montenegro,65.7,2006
mne,Montenegro,65,2007
mne,Montenegro,64.3,2008
mne,Montenegro,63.5,2009
mne,Montenegro,62.7,2010
mne,Montenegro,61.5,2011
mne,Montenegro,60.5,2012
mne,Montenegro,59.4,2013
mne,Montenegro,59.4,2014
mne,Montenegro,60.1,2015
mne,Montenegro,57.2,2016
mne,Montenegro,56.9,2017
mne,Montenegro,57.4,2018
mne,Montenegro,56.5,2019
mar,Morocco,39,2006
mar,Morocco,38.9,2007
mar,Morocco,38.8,2008
mar,Morocco,38.35,2009
mar,Morocco,37.9,2010
mar,Morocco,38.3,2011
mar,Morocco,40.7,2012
mar,Morocco,40.7,2013
mar,Morocco,40,2014
mar,Morocco,46.6,2015
mar,Morocco,47.7,2016
mar,Morocco,48.7,2017
mar,Morocco,49.9,2018
mar,Morocco,51,2019
moz,Mozambique,52.8,2006
moz,Mozambique,53.85,2007
moz,Mozambique,54.9,2008
moz,Mozambique,51.95,2009
moz,Mozambique,49,2010
moz,Mozambique,49,2011
moz,Mozambique,48.8,2012
moz,Mozambique,47.7,2013
moz,Mozambique,46.6,2014
moz,Mozambique,46,2015
moz,Mozambique,40.2,2016
moz,Mozambique,40.2,2017
moz,Mozambique,38.5,2018
moz,Mozambique,36.5,2019
mmr,Myanmar,17.7,2006
mmr,Myanmar,17.7,2007
mmr,Myanmar,17.7,2008
mmr,Myanmar,17.7,2009
mmr,Myanmar,17.7,2010
mmr,Myanmar,17.7,2011
mmr,Myanmar,23.5,2012
mmr,Myanmar,27.6,2013
mmr,Myanmar,30.5,2014
mmr,Myanmar,41.4,2015
mmr,Myanmar,42,2016
mmr,Myanmar,38.3,2017
mmr,Myanmar,38.3,2018
mmr,Myanmar,35.5,2019
nam,Namibia,65.4,2006
nam,Namibia,65.1,2007
nam,Namibia,64.8,2008
nam,Namibia,63.55,2009
nam,Namibia,62.3,2010
nam,Namibia,62.4,2011
nam,Namibia,62.4,2012
nam,Namibia,62.4,2013
nam,Namibia,62.4,2014
nam,Namibia,63.1,2015
nam,Namibia,63.1,2016
nam,Namibia,63.1,2017
nam,Namibia,62.5,2018
nam,Namibia,64.3,2019
npl,Nepal,34.2,2006
npl,Nepal,37.35,2007
npl,Nepal,40.5,2008
npl,Nepal,41.45,2009
npl,Nepal,42.4,2010
npl,Nepal,42.4,2011
npl,Nepal,41.6,2012
npl,Nepal,47.7,2013
npl,Nepal,47.7,2014
npl,Nepal,47.7,2015
npl,Nepal,48.6,2016
npl,Nepal,51.8,2017
npl,Nepal,51.8,2018
npl,Nepal,52.8,2019
nld,Netherlands,96.6,2006
nld,Netherlands,95.95,2007
nld,Netherlands,95.3,2008
nld,Netherlands,92.6,2009
nld,Netherlands,89.9,2010
nld,Netherlands,89.9,2011
nld,Netherlands,89.9,2012
nld,Netherlands,88.4,2013
nld,Netherlands,89.2,2014
nld,Netherlands,89.2,2015
nld,Netherlands,88,2016
nld,Netherlands,88.9,2017
nld,Netherlands,88.9,2018
nld,Netherlands,90.1,2019
nzl,New Zealand,90.1,2006
nzl,New Zealand,91,2007
nzl,New Zealand,91.9,2008
nzl,New Zealand,92.25,2009
nzl,New Zealand,92.6,2010
nzl,New Zealand,92.6,2011
nzl,New Zealand,92.6,2012
nzl,New Zealand,92.6,2013
nzl,New Zealand,92.6,2014
nzl,New Zealand,92.6,2015
nzl,New Zealand,92.6,2016
nzl,New Zealand,92.6,2017
nzl,New Zealand,92.6,2018
nzl,New Zealand,92.6,2019
nic,Nicaragua,56.8,2006
nic,Nicaragua,58.75,2007
nic,Nicaragua,60.7,2008
nic,Nicaragua,59,2009
nic,Nicaragua,57.3,2010
nic,Nicaragua,55.6,2011
nic,Nicaragua,55.6,2012
nic,Nicaragua,54.6,2013
nic,Nicaragua,53.2,2014
nic,Nicaragua,52.6,2015
nic,Nicaragua,48.1,2016
nic,Nicaragua,46.6,2017
nic,Nicaragua,36.3,2018
nic,Nicaragua,35.5,2019
ner,Niger,35.4,2006
ner,Niger,34.75,2007
ner,Niger,34.1,2008
ner,Niger,33.95,2009
ner,Niger,33.8,2010
ner,Niger,41.6,2011
ner,Niger,41.6,2012
ner,Niger,40.8,2013
ner,Niger,40.2,2014
ner,Niger,38.5,2015
ner,Niger,39.6,2016
ner,Niger,37.6,2017
ner,Niger,37.6,2018
ner,Niger,32.9,2019
nga,Nigeria,35.2,2006
nga,Nigeria,35.25,2007
nga,Nigeria,35.3,2008
nga,Nigeria,35,2009
nga,Nigeria,34.7,2010
nga,Nigeria,38.3,2011
nga,Nigeria,37.7,2012
nga,Nigeria,37.7,2013
nga,Nigeria,37.6,2014
nga,Nigeria,46.2,2015
nga,Nigeria,45,2016
nga,Nigeria,44.4,2017
nga,Nigeria,44.4,2018
nga,Nigeria,41.2,2019
prk,North Korea,10.3,2006
prk,North Korea,9.45,2007
prk,North Korea,8.6,2008
prk,North Korea,9.7,2009
prk,North Korea,10.8,2010
prk,North Korea,10.8,2011
prk,North Korea,10.8,2012
prk,North Korea,10.8,2013
prk,North Korea,10.8,2014
prk,North Korea,10.8,2015
prk,North Korea,10.8,2016
prk,North Korea,10.8,2017
prk,North Korea,10.8,2018
prk,North Korea,10.8,2019
nor,Norway,95.5,2006
nor,Norway,96.15,2007
nor,Norway,96.8,2008
nor,Norway,97.4,2009
nor,Norway,98,2010
nor,Norway,98,2011
nor,Norway,99.3,2012
nor,Norway,99.3,2013
nor,Norway,99.3,2014
nor,Norway,99.3,2015
nor,Norway,99.3,2016
nor,Norway,98.7,2017
nor,Norway,98.7,2018
nor,Norway,98.7,2019
omn,Oman,27.7,2006
omn,Oman,28.75,2007
omn,Oman,29.8,2008
omn,Oman,29.2,2009
omn,Oman,28.6,2010
omn,Oman,32.6,2011
omn,Oman,32.6,2012
omn,Oman,32.6,2013
omn,Oman,31.5,2014
omn,Oman,30.4,2015
omn,Oman,30.4,2016
omn,Oman,30.4,2017
omn,Oman,30.4,2018
omn,Oman,30.6,2019
pak,Pakistan,39.2,2006
pak,Pakistan,41.9,2007
pak,Pakistan,44.6,2008
pak,Pakistan,45.05,2009
pak,Pakistan,45.5,2010
pak,Pakistan,45.5,2011
pak,Pakistan,45.7,2012
pak,Pakistan,46.4,2013
pak,Pakistan,46.4,2014
pak,Pakistan,44,2015
pak,Pakistan,43.3,2016
pak,Pakistan,42.6,2017
pak,Pakistan,41.7,2018
pak,Pakistan,42.5,2019
pse,Palestine,60.1,2006
pse,Palestine,59.2,2007
pse,Palestine,58.3,2008
pse,Palestine,56.35,2009
pse,Palestine,54.4,2010
pse,Palestine,49.7,2011
pse,Palestine,48,2012
pse,Palestine,48,2013
pse,Palestine,47.2,2014
pse,Palestine,45.7,2015
pse,Palestine,44.9,2016
pse,Palestine,44.6,2017
pse,Palestine,43.9,2018
pse,Palestine,38.9,2019
pan,Panama,73.5,2006
pan,Panama,73.5,2007
pan,Panama,73.5,2008
pan,Panama,72.5,2009
pan,Panama,71.5,2010
pan,Panama,70.8,2011
pan,Panama,70.8,2012
pan,Panama,70.8,2013
pan,Panama,70.8,2014
pan,Panama,71.9,2015
pan,Panama,71.3,2016
pan,Panama,70.8,2017
pan,Panama,70.5,2018
pan,Panama,70.5,2019
png,Papua New Guinea,65.4,2006
png,Papua New Guinea,65.4,2007
png,Papua New Guinea,65.4,2008
png,Papua New Guinea,65.4,2009
png,Papua New Guinea,65.4,2010
png,Papua New Guinea,63.2,2011
png,Papua New Guinea,63.2,2012
png,Papua New Guinea,63.6,2013
png,Papua New Guinea,60.3,2014
png,Papua New Guinea,60.3,2015
png,Papua New Guinea,60.3,2016
png,Papua New Guinea,60.3,2017
png,Papua New Guinea,60.3,2018
png,Papua New Guinea,60.3,2019
pry,Paraguay,61.6,2006
pry,Paraguay,62.8,2007
pry,Paraguay,64,2008
pry,Paraguay,64,2009
pry,Paraguay,64,2010
pry,Paraguay,64,2011
pry,Paraguay,62.6,2012
pry,Paraguay,62.6,2013
pry,Paraguay,62.6,2014
pry,Paraguay,63.3,2015
pry,Paraguay,62.7,2016
pry,Paraguay,63.1,2017
pry,Paraguay,62.4,2018
pry,Paraguay,62.4,2019
per,Peru,61.1,2006
per,Peru,62.1,2007
per,Peru,63.1,2008
per,Peru,63.55,2009
per,Peru,64,2010
per,Peru,65.9,2011
per,Peru,64.7,2012
per,Peru,65.4,2013
per,Peru,65.4,2014
per,Peru,65.8,2015
per,Peru,66.5,2016
per,Peru,64.9,2017
per,Peru,66,2018
per,Peru,66,2019
phl,Philippines,64.8,2006
phl,Philippines,63,2007
phl,Philippines,61.2,2008
phl,Philippines,61.2,2009
phl,Philippines,61.2,2010
phl,Philippines,61.2,2011
phl,Philippines,63,2012
phl,Philippines,64.1,2013
phl,Philippines,67.7,2014
phl,Philippines,68.4,2015
phl,Philippines,69.4,2016
phl,Philippines,67.1,2017
phl,Philippines,67.1,2018
phl,Philippines,66.4,2019
pol,Poland,73,2006
pol,Poland,73,2007
pol,Poland,73,2008
pol,Poland,71.75,2009
pol,Poland,70.5,2010
pol,Poland,71.2,2011
pol,Poland,71.2,2012
pol,Poland,71.2,2013
pol,Poland,74.7,2014
pol,Poland,70.9,2015
pol,Poland,68.3,2016
pol,Poland,66.7,2017
pol,Poland,66.7,2018
pol,Poland,66.2,2019
prt,Portugal,81.6,2006
prt,Portugal,81.05,2007
prt,Portugal,80.5,2008
prt,Portugal,80.35,2009
prt,Portugal,80.2,2010
prt,Portugal,78.1,2011
prt,Portugal,79.2,2012
prt,Portugal,76.5,2013
prt,Portugal,77.9,2014
prt,Portugal,77.9,2015
prt,Portugal,78.6,2016
prt,Portugal,78.4,2017
prt,Portugal,78.4,2018
prt,Portugal,80.3,2019
qat,Qatar,27.8,2006
qat,Qatar,28.5,2007
qat,Qatar,29.2,2008
qat,Qatar,30.05,2009
qat,Qatar,30.9,2010
qat,Qatar,31.8,2011
qat,Qatar,31.8,2012
qat,Qatar,31.8,2013
qat,Qatar,31.8,2014
qat,Qatar,31.8,2015
qat,Qatar,31.8,2016
qat,Qatar,31.9,2017
qat,Qatar,31.9,2018
qat,Qatar,31.9,2019
rou,Romania,70.6,2006
rou,Romania,70.6,2007
rou,Romania,70.6,2008
rou,Romania,68.3,2009
rou,Romania,66,2010
rou,Romania,65.4,2011
rou,Romania,65.4,2012
rou,Romania,65.4,2013
rou,Romania,66.8,2014
rou,Romania,66.8,2015
rou,Romania,66.2,2016
rou,Romania,64.4,2017
rou,Romania,63.8,2018
rou,Romania,64.9,2019
rus,Russia,50.2,2006
rus,Russia,47.5,2007
rus,Russia,44.8,2008
rus,Russia,43.7,2009
rus,Russia,42.6,2010
rus,Russia,39.2,2011
rus,Russia,37.4,2012
rus,Russia,35.9,2013
rus,Russia,33.9,2014
rus,Russia,33.1,2015
rus,Russia,32.4,2016
rus,Russia,31.7,2017
rus,Russia,29.4,2018
rus,Russia,31.1,2019
rwa,Rwanda,38.2,2006
rwa,Rwanda,37.65,2007
rwa,Rwanda,37.1,2008
rwa,Rwanda,34.8,2009
rwa,Rwanda,32.5,2010
rwa,Rwanda,32.5,2011
rwa,Rwanda,33.6,2012
rwa,Rwanda,33.8,2013
rwa,Rwanda,32.5,2014
rwa,Rwanda,30.7,2015
rwa,Rwanda,30.7,2016
rwa,Rwanda,31.9,2017
rwa,Rwanda,33.5,2018
rwa,Rwanda,31.6,2019
sau,Saudi Arabia,19.2,2006
sau,Saudi Arabia,19.1,2007
sau,Saudi Arabia,19,2008
sau,Saudi Arabia,18.7,2009
sau,Saudi Arabia,18.4,2010
sau,Saudi Arabia,17.7,2011
sau,Saudi Arabia,17.1,2012
sau,Saudi Arabia,18.2,2013
sau,Saudi Arabia,18.2,2014
sau,Saudi Arabia,19.3,2015
sau,Saudi Arabia,19.3,2016
sau,Saudi Arabia,19.3,2017
sau,Saudi Arabia,19.3,2018
sau,Saudi Arabia,19.3,2019
sen,Senegal,53.7,2006
sen,Senegal,53.7,2007
sen,Senegal,53.7,2008
sen,Senegal,53.2,2009
sen,Senegal,52.7,2010
sen,Senegal,55.1,2011
sen,Senegal,60.9,2012
sen,Senegal,61.5,2013
sen,Senegal,61.5,2014
sen,Senegal,60.8,2015
sen,Senegal,62.1,2016
sen,Senegal,61.5,2017
sen,Senegal,61.5,2018
sen,Senegal,58.1,2019
srb,Serbia,66.2,2006
srb,Serbia,65.55,2007
srb,Serbia,64.9,2008
srb,Serbia,64.1,2009
srb,Serbia,63.3,2010
srb,Serbia,63.3,2011
srb,Serbia,63.3,2012
srb,Serbia,66.7,2013
srb,Serbia,67.1,2014
srb,Serbia,67.1,2015
srb,Serbia,65.7,2016
srb,Serbia,64.1,2017
srb,Serbia,64.1,2018
srb,Serbia,64.1,2019
sle,Sierra Leone,35.7,2006
sle,Sierra Leone,38.4,2007
sle,Sierra Leone,41.1,2008
sle,Sierra Leone,43.1,2009
sle,Sierra Leone,45.1,2010
sle,Sierra Leone,45.1,2011
sle,Sierra Leone,47.1,2012
sle,Sierra Leone,46.4,2013
sle,Sierra Leone,45.6,2014
sle,Sierra Leone,45.5,2015
sle,Sierra Leone,45.5,2016
sle,Sierra Leone,46.6,2017
sle,Sierra Leone,46.6,2018
sle,Sierra Leone,48.6,2019
sgp,Singapore,58.9,2006
sgp,Singapore,58.9,2007
sgp,Singapore,58.9,2008
sgp,Singapore,58.9,2009
sgp,Singapore,58.9,2010
sgp,Singapore,58.9,2011
sgp,Singapore,58.8,2012
sgp,Singapore,59.2,2013
sgp,Singapore,60.3,2014
sgp,Singapore,61.4,2015
sgp,Singapore,63.8,2016
sgp,Singapore,63.2,2017
sgp,Singapore,63.8,2018
sgp,Singapore,60.2,2019
svk,Slovak Republic,74,2006
svk,Slovak Republic,73.65,2007
svk,Slovak Republic,73.3,2008
svk,Slovak Republic,73.4,2009
svk,Slovak Republic,73.5,2010
svk,Slovak Republic,73.5,2011
svk,Slovak Republic,73.5,2012
svk,Slovak Republic,73.5,2013
svk,Slovak Republic,73.5,2014
svk,Slovak Republic,72.9,2015
svk,Slovak Republic,72.9,2016
svk,Slovak Republic,71.6,2017
svk,Slovak Republic,71,2018
svk,Slovak Republic,71.7,2019
svn,Slovenia,79.6,2006
svn,Slovenia,79.6,2007
svn,Slovenia,79.6,2008
svn,Slovenia,78.25,2009
svn,Slovenia,76.9,2010
svn,Slovenia,77.6,2011
svn,Slovenia,78.8,2012
svn,Slovenia,78.8,2013
svn,Slovenia,75.7,2014
svn,Slovenia,75.7,2015
svn,Slovenia,75.1,2016
svn,Slovenia,75,2017
svn,Slovenia,75,2018
svn,Slovenia,75,2019
zaf,South Africa,79.1,2006
zaf,South Africa,79.1,2007
zaf,South Africa,79.1,2008
zaf,South Africa,78.5,2009
zaf,South Africa,77.9,2010
zaf,South Africa,77.9,2011
zaf,South Africa,77.9,2012
zaf,South Africa,79,2013
zaf,South Africa,78.2,2014
zaf,South Africa,75.6,2015
zaf,South Africa,74.1,2016
zaf,South Africa,72.4,2017
zaf,South Africa,72.4,2018
zaf,South Africa,72.4,2019
kor,South Korea,78.8,2006
kor,South Korea,79.45,2007
kor,South Korea,80.1,2008
kor,South Korea,80.6,2009
kor,South Korea,81.1,2010
kor,South Korea,80.6,2011
kor,South Korea,81.3,2012
kor,South Korea,80.6,2013
kor,South Korea,80.6,2014
kor,South Korea,79.7,2015
kor,South Korea,79.2,2016
kor,South Korea,80,2017
kor,South Korea,80,2018
kor,South Korea,80,2019
esp,Spain,83.4,2006
esp,Spain,83.95,2007
esp,Spain,84.5,2008
esp,Spain,83.05,2009
esp,Spain,81.6,2010
esp,Spain,80.2,2011
esp,Spain,80.2,2012
esp,Spain,80.2,2013
esp,Spain,80.5,2014
esp,Spain,83,2015
esp,Spain,83,2016
esp,Spain,80.8,2017
esp,Spain,80.8,2018
esp,Spain,82.9,2019
lka,Sri Lanka,65.8,2006
lka,Sri Lanka,65.95,2007
lka,Sri Lanka,66.1,2008
lka,Sri Lanka,66.25,2009
lka,Sri Lanka,66.4,2010
lka,Sri Lanka,65.8,2011
lka,Sri Lanka,57.5,2012
lka,Sri Lanka,56.9,2013
lka,Sri Lanka,56.9,2014
lka,Sri Lanka,64.2,2015
lka,Sri Lanka,64.8,2016
lka,Sri Lanka,64.8,2017
lka,Sri Lanka,61.9,2018
lka,Sri Lanka,62.7,2019
sdn,Sudan,29,2006
sdn,Sudan,28.55,2007
sdn,Sudan,28.1,2008
sdn,Sudan,26.15,2009
sdn,Sudan,24.2,2010
sdn,Sudan,23.8,2011
sdn,Sudan,23.8,2012
sdn,Sudan,25.4,2013
sdn,Sudan,25.4,2014
sdn,Sudan,23.7,2015
sdn,Sudan,23.7,2016
sdn,Sudan,21.5,2017
sdn,Sudan,21.5,2018
sdn,Sudan,27,2019
sur,Suriname,65.2,2006
sur,Suriname,65.5,2007
sur,Suriname,65.8,2008
sur,Suriname,66.15,2009
sur,Suriname,66.5,2010
sur,Suriname,66.5,2011
sur,Suriname,66.5,2012
sur,Suriname,67.7,2013
sur,Suriname,67.7,2014
sur,Suriname,67.7,2015
sur,Suriname,67.7,2016
sur,Suriname,67.6,2017
sur,Suriname,69.8,2018
sur,Suriname,69.8,2019
swz,Swaziland,29.3,2006
swz,Swaziland,29.85,2007
swz,Swaziland,30.4,2008
swz,Swaziland,29.7,2009
swz,Swaziland,29,2010
swz,Swaziland,32.6,2011
swz,Swaziland,32,2012
swz,Swaziland,32,2013
swz,Swaziland,30.9,2014
swz,Swaziland,30.9,2015
swz,Swaziland,30.3,2016
swz,Swaziland,30.3,2017
swz,Swaziland,30.3,2018
swz,Swaziland,31.4,2019
swe,Sweden,98.8,2006
swe,Sweden,98.8,2007
swe,Sweden,98.8,2008
swe,Sweden,96.9,2009
swe,Sweden,95,2010
swe,Sweden,95,2011
swe,Sweden,97.3,2012
swe,Sweden,97.3,2013
swe,Sweden,97.3,2014
swe,Sweden,94.5,2015
swe,Sweden,93.9,2016
swe,Sweden,93.9,2017
swe,Sweden,93.9,2018
swe,Sweden,93.9,2019
che,Switzerland,90.2,2006
che,Switzerland,90.85,2007
che,Switzerland,91.5,2008
che,Switzerland,91.2,2009
che,Switzerland,90.9,2010
che,Switzerland,90.9,2011
che,Switzerland,90.9,2012
che,Switzerland,90.9,2013
che,Switzerland,90.9,2014
che,Switzerland,90.9,2015
che,Switzerland,90.9,2016
che,Switzerland,90.3,2017
che,Switzerland,90.3,2018
che,Switzerland,90.3,2019
syr,Syria,23.6,2006
syr,Syria,22.7,2007
syr,Syria,21.8,2008
syr,Syria,22.45,2009
syr,Syria,23.1,2010
syr,Syria,19.9,2011
syr,Syria,16.3,2012
syr,Syria,18.6,2013
syr,Syria,17.4,2014
syr,Syria,14.3,2015
syr,Syria,14.3,2016
syr,Syria,14.3,2017
syr,Syria,14.3,2018
syr,Syria,14.3,2019
twn,Taiwan,78.2,2006
twn,Taiwan,78.2,2007
twn,Taiwan,78.2,2008
twn,Taiwan,76.7,2009
twn,Taiwan,75.2,2010
twn,Taiwan,74.6,2011
twn,Taiwan,75.7,2012
twn,Taiwan,75.7,2013
twn,Taiwan,76.5,2014
twn,Taiwan,78.3,2015
twn,Taiwan,77.9,2016
twn,Taiwan,77.3,2017
twn,Taiwan,77.3,2018
twn,Taiwan,77.3,2019
tjk,Tajikistan,24.5,2006
tjk,Tajikistan,24.5,2007
tjk,Tajikistan,24.5,2008
tjk,Tajikistan,24.8,2009
tjk,Tajikistan,25.1,2010
tjk,Tajikistan,25.1,2011
tjk,Tajikistan,25.1,2012
tjk,Tajikistan,25.1,2013
tjk,Tajikistan,23.7,2014
tjk,Tajikistan,19.5,2015
tjk,Tajikistan,18.9,2016
tjk,Tajikistan,19.3,2017
tjk,Tajikistan,19.3,2018
tjk,Tajikistan,19.3,2019
tza,Tanzania,51.8,2006
tza,Tanzania,52.3,2007
tza,Tanzania,52.8,2008
tza,Tanzania,54.6,2009
tza,Tanzania,56.4,2010
tza,Tanzania,56.4,2011
tza,Tanzania,58.8,2012
tza,Tanzania,57.7,2013
tza,Tanzania,57.7,2014
tza,Tanzania,55.8,2015
tza,Tanzania,57.6,2016
tza,Tanzania,54.7,2017
tza,Tanzania,54.1,2018
tza,Tanzania,51.6,2019
tha,Thailand,56.7,2006
tha,Thailand,62.4,2007
tha,Thailand,68.1,2008
tha,Thailand,66.8,2009
tha,Thailand,65.5,2010
tha,Thailand,65.5,2011
tha,Thailand,65.5,2012
tha,Thailand,62.5,2013
tha,Thailand,53.9,2014
tha,Thailand,50.9,2015
tha,Thailand,49.2,2016
tha,Thailand,46.3,2017
tha,Thailand,46.3,2018
tha,Thailand,63.2,2019
tls,Timor-Leste,64.1,2006
tls,Timor-Leste,68.15,2007
tls,Timor-Leste,72.2,2008
tls,Timor-Leste,72.2,2009
tls,Timor-Leste,72.2,2010
tls,Timor-Leste,72.2,2011
tls,Timor-Leste,71.6,2012
tls,Timor-Leste,72.4,2013
tls,Timor-Leste,72.4,2014
tls,Timor-Leste,72.4,2015
tls,Timor-Leste,72.4,2016
tls,Timor-Leste,71.9,2017
tls,Timor-Leste,71.9,2018
tls,Timor-Leste,71.9,2019
tgo,Togo,17.5,2006
tgo,Togo,20.9,2007
tgo,Togo,24.3,2008
tgo,Togo,29.4,2009
tgo,Togo,34.5,2010
tgo,Togo,34.5,2011
tgo,Togo,34.5,2012
tgo,Togo,34.5,2013
tgo,Togo,34.5,2014
tgo,Togo,34.1,2015
tgo,Togo,33.2,2016
tgo,Togo,30.5,2017
tgo,Togo,31,2018
tgo,Togo,33,2019
tto,Trinidad and Tobago,71.8,2006
tto,Trinidad and Tobago,71.95,2007
tto,Trinidad and Tobago,72.1,2008
tto,Trinidad and Tobago,71.85,2009
tto,Trinidad and Tobago,71.6,2010
tto,Trinidad and Tobago,71.6,2011
tto,Trinidad and Tobago,69.9,2012
tto,Trinidad and Tobago,69.9,2013
tto,Trinidad and Tobago,69.9,2014
tto,Trinidad and Tobago,71,2015
tto,Trinidad and Tobago,71,2016
tto,Trinidad and Tobago,70.4,2017
tto,Trinidad and Tobago,71.6,2018
tto,Trinidad and Tobago,71.6,2019
tun,Tunisia,30.6,2006
tun,Tunisia,30.1,2007
tun,Tunisia,29.6,2008
tun,Tunisia,28.75,2009
tun,Tunisia,27.9,2010
tun,Tunisia,55.3,2011
tun,Tunisia,56.7,2012
tun,Tunisia,57.6,2013
tun,Tunisia,63.1,2014
tun,Tunisia,67.2,2015
tun,Tunisia,64,2016
tun,Tunisia,63.2,2017
tun,Tunisia,64.1,2018
tun,Tunisia,67.2,2019
tur,Turkey,57,2006
tur,Turkey,56.95,2007
tur,Turkey,56.9,2008
tur,Turkey,57.1,2009
tur,Turkey,57.3,2010
tur,Turkey,57.3,2011
tur,Turkey,57.6,2012
tur,Turkey,56.3,2013
tur,Turkey,51.2,2014
tur,Turkey,51.2,2015
tur,Turkey,50.4,2016
tur,Turkey,48.8,2017
tur,Turkey,43.7,2018
tur,Turkey,40.9,2019
tkm,Turkmenistan,18.3,2006
tkm,Turkmenistan,17.75,2007
tkm,Turkmenistan,17.2,2008
tkm,Turkmenistan,17.2,2009
tkm,Turkmenistan,17.2,2010
tkm,Turkmenistan,17.2,2011
tkm,Turkmenistan,17.2,2012
tkm,Turkmenistan,17.2,2013
tkm,Turkmenistan,18.3,2014
tkm,Turkmenistan,18.3,2015
tkm,Turkmenistan,18.3,2016
tkm,Turkmenistan,17.2,2017
tkm,Turkmenistan,17.2,2018
tkm,Turkmenistan,17.2,2019
uga,Uganda,51.4,2006
uga,Uganda,50.85,2007
uga,Uganda,50.3,2008
uga,Uganda,50.4,2009
uga,Uganda,50.5,2010
uga,Uganda,51.3,2011
uga,Uganda,51.6,2012
uga,Uganda,52.2,2013
uga,Uganda,52.2,2014
uga,Uganda,52.2,2015
uga,Uganda,52.6,2016
uga,Uganda,50.9,2017
uga,Uganda,52,2018
uga,Uganda,50.2,2019
ukr,Ukraine,69.4,2006
ukr,Ukraine,69.4,2007
ukr,Ukraine,69.4,2008
ukr,Ukraine,66.2,2009
ukr,Ukraine,63,2010
ukr,Ukraine,59.4,2011
ukr,Ukraine,59.1,2012
ukr,Ukraine,58.4,2013
ukr,Ukraine,54.2,2014
ukr,Ukraine,57,2015
ukr,Ukraine,57,2016
ukr,Ukraine,56.9,2017
ukr,Ukraine,56.9,2018
ukr,Ukraine,59,2019
are,United Arab Emirates,24.2,2006
are,United Arab Emirates,25.1,2007
are,United Arab Emirates,26,2008
are,United Arab Emirates,25.6,2009
are,United Arab Emirates,25.2,2010
are,United Arab Emirates,25.8,2011
are,United Arab Emirates,25.8,2012
are,United Arab Emirates,25.2,2013
are,United Arab Emirates,26.4,2014
are,United Arab Emirates,27.5,2015
are,United Arab Emirates,27.5,2016
are,United Arab Emirates,26.9,2017
are,United Arab Emirates,27.6,2018
are,United Arab Emirates,27.6,2019
gbr,United Kingdom,80.8,2006
gbr,United Kingdom,81.15,2007
gbr,United Kingdom,81.5,2008
gbr,United Kingdom,81.55,2009
gbr,United Kingdom,81.6,2010
gbr,United Kingdom,81.6,2011
gbr,United Kingdom,82.1,2012
gbr,United Kingdom,83.1,2013
gbr,United Kingdom,83.1,2014
gbr,United Kingdom,83.1,2015
gbr,United Kingdom,83.6,2016
gbr,United Kingdom,85.3,2017
gbr,United Kingdom,85.3,2018
gbr,United Kingdom,85.2,2019
usa,United States,82.2,2006
usa,United States,82.2,2007
usa,United States,82.2,2008
usa,United States,82,2009
usa,United States,81.8,2010
usa,United States,81.1,2011
usa,United States,81.1,2012
usa,United States,81.1,2013
usa,United States,81.1,2014
usa,United States,80.5,2015
usa,United States,79.8,2016
usa,United States,79.8,2017
usa,United States,79.6,2018
usa,United States,79.6,2019
ury,Uruguay,79.6,2006
ury,Uruguay,80.2,2007
ury,Uruguay,80.8,2008
ury,Uruguay,80.9,2009
ury,Uruguay,81,2010
ury,Uruguay,81.7,2011
ury,Uruguay,81.7,2012
ury,Uruguay,81.7,2013
ury,Uruguay,81.7,2014
ury,Uruguay,81.7,2015
ury,Uruguay,81.7,2016
ury,Uruguay,81.2,2017
ury,Uruguay,83.8,2018
ury,Uruguay,83.8,2019
uzb,Uzbekistan,18.5,2006
uzb,Uzbekistan,17.95,2007
uzb,Uzbekistan,17.4,2008
uzb,Uzbekistan,17.4,2009
uzb,Uzbekistan,17.4,2010
uzb,Uzbekistan,17.4,2011
uzb,Uzbekistan,17.2,2012
uzb,Uzbekistan,17.2,2013
uzb,Uzbekistan,24.5,2014
uzb,Uzbekistan,19.5,2015
uzb,Uzbekistan,19.5,2016
uzb,Uzbekistan,19.5,2017
uzb,Uzbekistan,20.1,2018
uzb,Uzbekistan,20.1,2019
ven,Venezuela,54.2,2006
ven,Venezuela,53.8,2007
ven,Venezuela,53.4,2008
ven,Venezuela,52.6,2009
ven,Venezuela,51.8,2010
ven,Venezuela,50.8,2011
ven,Venezuela,51.5,2012
ven,Venezuela,50.7,2013
ven,Venezuela,50.7,2014
ven,Venezuela,50,2015
ven,Venezuela,46.8,2016
ven,Venezuela,38.7,2017
ven,Venezuela,31.6,2018
ven,Venezuela,28.8,2019
vnm,Vietnam,27.5,2006
vnm,Vietnam,26.4,2007
vnm,Vietnam,25.3,2008
vnm,Vietnam,27.35,2009
vnm,Vietnam,29.4,2010
vnm,Vietnam,29.6,2011
vnm,Vietnam,28.9,2012
vnm,Vietnam,32.9,2013
vnm,Vietnam,34.1,2014
vnm,Vietnam,35.3,2015
vnm,Vietnam,33.8,2016
vnm,Vietnam,30.8,2017
vnm,Vietnam,30.8,2018
vnm,Vietnam,30.8,2019
yem,Yemen,29.8,2006
yem,Yemen,29.65,2007
yem,Yemen,29.5,2008
yem,Yemen,27.95,2009
yem,Yemen,26.4,2010
yem,Yemen,25.7,2011
yem,Yemen,31.2,2012
yem,Yemen,27.9,2013
yem,Yemen,27.9,2014
yem,Yemen,22.4,2015
yem,Yemen,20.7,2016
yem,Yemen,20.7,2017
yem,Yemen,19.5,2018
yem,Yemen,19.5,2019
zmb,Zambia,52.5,2006
zmb,Zambia,52.5,2007
zmb,Zambia,52.5,2008
zmb,Zambia,54.65,2009
zmb,Zambia,56.8,2010
zmb,Zambia,61.9,2011
zmb,Zambia,62.6,2012
zmb,Zambia,62.6,2013
zmb,Zambia,63.9,2014
zmb,Zambia,62.8,2015
zmb,Zambia,59.9,2016
zmb,Zambia,56.8,2017
zmb,Zambia,56.1,2018
zmb,Zambia,50.9,2019
zwe,Zimbabwe,26.2,2006
zwe,Zimbabwe,25.75,2007
zwe,Zimbabwe,25.3,2008
zwe,Zimbabwe,25.85,2009
zwe,Zimbabwe,26.4,2010
zwe,Zimbabwe,26.8,2011
zwe,Zimbabwe,26.7,2012
zwe,Zimbabwe,26.7,2013
zwe,Zimbabwe,27.8,2014
zwe,Zimbabwe,30.5,2015
zwe,Zimbabwe,30.5,2016
zwe,Zimbabwe,31.6,2017
zwe,Zimbabwe,31.6,2018
zwe,Zimbabwe,31.6,2019
,,,
,,,
,,,
,,,
,,,
,,,
,,,
,,,
,,,
,,,
,,,
,,,
,,,
,,,
,,,
,,,
,,,
,,,
,,,
,,,
,,,
,,,
,,,
,,,
,,,
,,,
,,,
,,,
,,,
,,,
,,,
,,,
,,,
,,,
,,,
,,,
,,,
,,,
,,,
,,,
,,,
,,,
,,,
,,,
,,,
,,,
,,,
,,,
,,,
,,,
,,,
,,,
,,,
,,,
,,,
,,,
,,,
,,,
,,,
,,,
,,,
,,,
,,,
,,,
,,,
,,,
,,,
,,,
,,,
,,,
,,,
,,,
,,,
,,,
,,,
,,,
,,,
,,,
,,,
,,,
,,,
,,,
,,,
,,,
,,,
,,,
,,,
,,,
,,,
,,,
,,,
,,,
,,,
,,,
,,,
,,,
,,,
,,,
,,,
,,,
,,,
,,,
,,,
,,,
,,,
,,,
,,,
,,,
,,,
,,,
,,,
,,,
,,,
,,,
,,,
,,,
,,,
,,,
,,,
,,,
,,,
,,,
,,,
,,,
,,,
,,,
,,,
,,,
,,,
,,,
,,,
,,,
,,,
,,,
,,,
,,,
,,,
,,,
,,,
,,,
,,,
,,,
,,,
,,,
,,,
,,,
,,,
,,,
,,,
,,,
,,,
,,,
,,,
,,,
,,,
,,,
,,,
,,,
,,,
,,,
,,,
,,,
,,,
,,,
,,,
,,,
,,,
,,,
,,,
,,,
,,,
,,,
,,,
,,,
,,,
,,,
,,,
,,,
,,,
,,,
,,,
,,,
,,,
,,,
,,,
,,,
,,,
,,,
,,,
,,,
,,,
,,,
,,,
,,,
,,,
,,,
,,,
,,,
,,,
,,,
,,,
,,,
,,,
,,,
,,,
,,,
,,,
,,,
,,,
,,,
,,,
,,,
,,,
,,,
,,,
,,,
,,,
,,,
,,,
,,,
,,,
,,,
,,,
,,,
,,,
,,,
,,,
,,,
,,,
,,,
,,,
,,,
,,,
,,,
,,,
,,,
,,,
,,,
,,,
,,,
,,,
,,,
,,,
,,,
,,,
,,,
,,,
,,,
,,,
,,,
,,,
,,,
,,,
,,,
,,,
,,,
,,,
,,,
,,,
,,,
,,,
,,,
,,,
,,,
,,,
,,,
,,,
,,,
,,,
,,,
,,,
,,,
,,,
,,,
,,,
,,,
,,,
,,,
,,,
,,,
,,,
,,,
,,,
,,,
,,,
,,,
,,,
,,,
,,,
,,,
,,,
,,,
,,,
,,,
,,,
,,,
,,,
,,,
,,,
,,,
,,,
,,,
,,,
,,,
,,,
,,,
,,,
,,,
,,,
,,,
,,,
,,,
,,,
,,,
,,,
,,,
,,,
,,,
,,,
,,,
,,,
,,,
,,,
,,,
,,,
,,,
,,,
,,,
,,,
,,,
,,,
,,,
,,,
,,,
,,,
,,,
,,,
,,,
,,,
,,,
,,,
,,,
,,,
,,,
,,,
,,,
,,,
,,,
,,,
,,,
,,,
,,,
,,,
,,,
,,,
,,,
,,,
,,,
,,,
,,,
,,,
,,,
,,,
,,,
,,,
,,,
,,,
,,,
,,,
,,,
,,,
,,,
,,,
,,,
,,,
,,,
,,,
,,,
,,,
,,,
,,,
,,,
,,,
,,,
,,,
,,,
,,,
,,,
,,,
,,,
,,,
,,,
,,,
,,,
,,,
,,,
,,,
,,,
,,,
,,,
,,,
,,,
,,,
,,,
,,,
,,,
,,,
,,,
,,,
,,,
,,,
,,,
,,,
,,,
,,,
,,,
,,,
,,,
,,,
,,,
,,,
,,,
,,,
,,,
,,,
,,,
,,,
,,,
,,,
,,,
,,,
,,,
,,,
,,,
,,,
,,,
,,,
,,,
,,,
,,,
,,,
,,,
,,,
,,,
,,,
,,,
,,,
,,,
,,,
,,,
,,,
,,,
,,,
,,,
,,,
,,,
,,,
,,,
,,,
,,,
,,,
,,,
,,,
,,,
,,,
,,,
,,,
,,,
,,,
,,,
,,,
,,,
,,,
,,,
,,,
,,,
,,,
,,,
,,,
,,,
,,,
,,,
,,,
,,,
,,,
,,,
,,,
,,,
,,,
,,,
,,,
,,,
,,,
,,,
,,,
,,,
,,,
,,,
,,,
,,,
,,,
,,,
,,,
,,,
,,,
,,,
,,,
,,,
,,,
,,,
,,,
,,,
,,,
,,,
,,,
,,,
,,,
,,,
,,,
,,,
,,,
,,,
,,,
,,,
,,,
,,,
,,,
,,,
,,,
,,,
,,,
,,,
,,,
,,,
,,,
,,,
,,,
,,,
,,,
,,,
,,,
,,,
,,,
,,,
,,,
,,,
,,,
,,,
,,,
,,,
,,,
,,,
,,,
,,,
,,,
,,,
,,,
,,,
,,,
,,,
,,,
,,,
,,,
,,,
,,,
,,,
,,,
,,,
,,,
,,,
,,,
,,,
,,,
,,,
,,,
,,,
,,,
,,,
,,,
,,,
,,,
,,,
,,,
,,,
,,,
,,,
,,,
,,,
,,,
,,,
,,,
,,,
,,,
,,,
,,,
,,,
,,,
,,,
,,,
,,,
,,,
,,,
,,,
,,,
,,,
,,,
,,,
,,,
,,,
,,,
,,,
,,,
,,,
,,,
,,,
,,,
,,,
,,,
,,,
,,,
,,,
,,,
,,,
,,,
,,,
,,,
,,,
,,,
,,,
,,,
,,,
,,,
,,,
,,,
,,,
,,,
,,,
,,,
,,,
,,,
,,,
,,,
,,,
,,,
,,,
,,,
,,,
,,,
,,,
,,,
,,,
,,,
,,,
,,,
,,,
,,,
,,,
,,,
,,,
,,,
,,,
,,,
,,,
,,,
,,,
,,,
,,,
,,,
,,,
,,,
,,,
,,,
,,,
,,,
,,,
,,,
,,,
,,,
,,,
,,,
,,,
,,,
,,,
,,,
,,,
,,,
,,,
,,,
,,,
,,,
,,,
,,,
,,,
,,,
,,,
,,,
,,,
,,,
,,,
,,,
,,,
,,,
,,,
,,,
,,,
,,,
,,,
,,,
,,,
,,,
,,,
,,,
,,,
,,,
,,,
,,,
,,,
,,,
,,,
,,,
,,,
,,,
,,,
,,,
,,,
,,,
,,,
,,,
,,,
,,,
,,,
,,,
,,,
,,,
,,,
,,,
,,,
,,,
,,,
,,,
,,,
,,,
,,,
,,,
,,,
,,,
,,,
,,,
,,,
,,,
,,,
,,,
,,,
,,,
,,,
,,,
,,,
,,,
,,,
,,,
,,,
,,,
,,,
,,,
,,,
,,,
,,,
,,,
,,,
,,,
,,,
,,,
,,,
,,,
,,,
,,,
,,,
,,,
,,,
,,,
,,,
,,,
,,,
,,,
,,,
,,,
,,,
,,,
,,,
,,,
,,,
,,,
,,,
,,,
,,,
,,,
,,,
,,,
,,,
,,,
,,,
,,,
,,,
,,,
,,,
,,,
,,,
,,,
,,,
,,,
,,,
,,,
,,,
,,,
,,,
,,,
,,,
,,,
,,,
,,,
,,,
,,,
,,,
,,,
,,,
,,,
,,,
,,,
,,,
,,,
,,,
,,,
,,,
,,,
,,,
,,,
,,,
,,,
,,,
,,,
,,,
,,,
,,,
,,,
,,,
,,,
,,,
,,,
,,,
,,,
,,,
,,,
,,,
,,,
,,,
,,,
,,,
,,,
,,,
,,,
,,,
,,,
,,,
,,,
,,,
,,,
,,,
,,,
,,,
,,,
,,,
,,,
,,,
,,,
,,,
,,,
,,,
,,,
,,,
,,,
,,,
,,,
,,,
,,,
,,,
,,,
,,,
,,,
,,,
,,,
,,,
,,,
,,,
,,,
,,,
,,,
,,,
,,,
,,,
,,,
,,,
,,,
,,,
,,,
,,,
,,,
,,,
,,,
,,,
,,,
,,,
,,,
,,,
,,,
,,,
,,,
,,,
,,,
,,,
,,,
,,,
,,,
,,,
,,,
,,,
,,,
,,,
,,,
,,,
,,,
,,,
,,,
,,,
,,,
,,,
,,,
,,,
,,,
,,,
,,,
,,,
,,,
,,,
,,,
,,,
,,,
,,,
,,,
,,,
,,,
,,,
,,,
,,,
,,,
,,,
,,,
,,,
,,,
,,,
,,,
,,,
,,,
,,,
,,,
,,,
,,,
,,,
,,,
,,,
,,,
,,,
,,,
,,,
,,,
,,,
,,,
,,,
,,,
,,,
,,,
,,,
,,,
,,,
,,,
,,,
,,,
,,,
,,,
,,,
,,,
,,,
,,,
,,,
,,,
,,,
,,,
,,,
,,,
,,,
,,,
,,,
,,,
,,,
,,,
,,,
,,,
,,,
,,,
,,,
,,,
,,,
,,,
,,,
,,,
,,,
,,,
,,,
,,,
,,,
,,,
,,,
,,,
,,,
,,,
,,,
,,,
,,,
,,,
,,,
,,,
,,,
,,,
,,,
,,,
,,,
,,,
,,,
,,,
,,,
,,,
,,,
,,,
,,,
,,,
,,,
,,,
,,,
,,,
,,,
,,,
,,,
,,,
,,,
,,,
,,,
,,,
,,,
,,,
,,,
,,,
,,,
,,,
,,,
,,,
,,,
,,,
,,,
,,,
,,,
,,,
,,,
,,,
,,,
,,,
,,,
,,,
,,,
,,,
,,,
,,,
,,,
,,,
,,,
,,,
,,,
,,,
,,,
,,,
,,,
,,,
,,,
,,,
,,,
,,,
,,,
,,,
,,,
,,,
,,,
,,,
,,,
,,,
,,,
,,,
,,,
,,,
,,,
,,,
,,,
,,,
,,,
,,,
,,,
,,,
,,,
,,,
,,,
,,,
,,,
,,,
,,,
,,,
,,,
,,,
,,,
,,,
,,,
,,,
,,,
,,,
,,,
,,,
,,,
,,,
,,,
,,,
,,,
,,,
,,,
,,,
,,,
,,,
,,,
,,,
,,,
,,,
,,,
,,,
,,,
,,,
,,,
,,,
,,,
,,,
,,,
,,,
,,,
,,,
,,,
,,,
,,,
,,,
,,,
,,,
,,,
,,,
,,,
,,,
,,,
,,,
,,,
,,,
,,,
,,,
,,,
,,,
,,,
,,,
,,,
,,,
,,,
,,,
,,,
,,,
,,,
,,,
,,,
,,,
,,,
,,,
,,,
,,,
,,,
,,,
,,,
,,,
,,,
,,,
,,,
,,,
,,,
,,,
,,,
,,,
,,,
,,,
,,,
,,,
,,,
,,,
,,,
,,,
,,,
,,,
,,,
,,,
,,,
,,,
,,,
,,,
,,,
,,,
,,,
,,,
,,,
,,,
,,,
,,,
,,,
,,,
,,,
,,,
,,,
,,,
,,,
,,,
,,,
,,,
,,,
,,,
,,,
,,,
,,,
,,,
,,,
,,,
,,,
,,,
,,,
,,,
,,,
,,,
,,,
,,,
,,,
,,,
,,,
,,,
,,,
,,,
,,,
,,,
,,,
,,,
,,,
,,,
,,,
,,,
,,,
,,,
,,,
,,,
,,,
,,,
,,,
,,,
,,,
,,,
,,,
,,,
,,,
,,,
,,,
,,,
,,,
,,,
,,,
,,,
,,,
,,,
,,,
,,,
,,,
,,,
,,,
,,,
,,,
,,,
,,,
,,,
,,,
,,,
,,,
,,,
,,,
,,,
,,,
,,,
,,,
,,,
,,,
,,,
,,,
,,,
,,,
,,,
,,,
,,,
,,,
,,,
,,,
,,,
,,,
,,,
,,,
,,,
,,,
,,,
,,,
,,,
,,,
,,,
,,,
,,,
,,,
,,,
,,,
,,,
,,,
,,,
,,,
,,,
,,,
,,,
,,,
,,,
,,,
,,,
,,,
,,,
,,,
,,,
,,,
,,,
,,,
,,,
,,,
,,,
,,,
,,,
,,,
,,,
,,,
,,,
,,,
,,,
,,,
,,,
,,,
,,,
,,,
,,,
,,,
,,,
,,,
,,,
,,,
,,,
,,,
,,,
,,,
,,,
,,,
,,,
,,,
,,,
,,,
,,,
,,,
,,,
,,,
,,,
,,,
,,,
,,,
,,,
,,,
,,,
,,,
,,,
,,,
,,,
,,,
,,,
,,,
,,,
,,,
,,,
,,,
,,,
,,,
,,,
,,,
,,,
,,,
,,,
,,,
,,,
,,,
,,,
,,,
,,,
,,,
,,,
,,,
,,,
,,,
,,,
,,,
,,,
,,,
,,,
,,,
,,,
,,,
,,,
,,,
,,,
,,,
,,,
,,,
,,,
,,,
,,,
,,,
,,,
,,,
,,,
,,,
,,,
,,,
,,,
,,,
,,,
,,,
,,,
,,,
,,,
,,,
,,,
,,,
,,,
,,,
,,,
,,,
,,,
,,,
,,,
,,,
,,,
,,,
,,,
,,,
,,,
,,,
,,,
,,,
,,,
,,,
,,,
,,,
,,,
,,,
,,,
,,,
,,,
,,,
,,,
,,,
,,,
,,,
,,,
,,,
,,,
,,,
,,,
,,,
,,,
,,,
,,,
,,,
,,,
,,,
,,,
,,,
,,,
,,,
,,,
,,,
,,,
,,,
,,,
,,,
,,,
,,,
,,,
,,,
,,,
,,,
,,,
,,,
,,,
,,,
,,,
,,,
,,,
,,,
,,,
,,,
,,,
,,,
,,,
,,,
,,,
,,,
,,,
,,,
,,,
,,,
,,,
,,,
,,,
,,,
,,,
,,,
,,,
,,,
,,,
,,,
,,,
,,,
,,,
,,,
,,,
,,,
,,,
,,,
,,,
,,,
,,,
,,,
,,,
,,,
,,,
,,,
,,,
,,,
,,,
,,,
,,,
,,,
,,,
,,,
,,,
,,,
,,,
,,,
,,,
,,,
,,,
,,,
,,,
,,,
,,,
,,,
,,,
,,,
,,,
,,,
,,,
,,,
,,,
,,,
,,,
,,,
,,,
,,,
,,,
,,,
,,,
,,,
,,,
,,,
,,,
,,,
,,,
,,,
,,,
,,,
,,,
,,,
,,,
,,,
,,,
,,,
,,,
,,,
,,,
,,,
,,,
,,,
,,,
,,,
,,,
,,,
,,,
,,,
,,,
,,,
,,,
,,,
,,,
,,,
,,,
,,,
,,,
,,,
,,,
,,,
,,,
,,,
,,,
,,,
,,,
,,,
,,,
,,,
,,,
,,,
,,,
,,,
,,,
,,,
,,,
,,,
,,,
,,,
,,,
,,,
,,,
,,,
,,,
,,,
,,,
,,,
,,,
,,,
,,,
,,,
,,,
,,,
,,,
,,,
,,,
,,,
,,,
,,,
,,,
,,,
,,,
,,,
,,,
,,,
,,,
,,,
,,,
,,,
,,,
,,,
,,,
,,,
,,,
,,,
,,,
,,,
,,,
,,,
,,,
,,,
,,,
,,,
,,,
,,,
,,,
,,,
,,,
,,,
,,,
,,,
,,,
,,,
,,,
,,,
,,,
,,,
,,,
,,,
,,,
,,,
,,,
,,,
,,,
,,,
,,,
,,,
,,,
,,,
,,,
,,,
,,,
,,,
,,,
,,,
,,,
,,,
,,,
,,,
,,,
,,,
,,,
,,,
,,,
,,,
,,,
,,,
,,,
,,,
,,,
,,,
,,,
,,,
,,,
,,,
,,,
,,,
,,,
,,,
,,,
,,,
,,,
,,,
,,,
,,,
,,,
,,,
,,,
,,,
,,,
,,,
,,,
,,,
,,,
,,,
,,,
,,,
,,,
,,,
,,,
,,,
,,,
,,,
,,,
,,,
,,,
,,,
,,,
,,,
,,,
,,,
,,,
,,,
,,,
,,,
,,,
,,,
,,,
,,,
,,,
,,,
,,,
,,,
,,,
,,,
,,,
,,,
,,,
,,,
,,,
,,,
,,,
,,,
,,,
,,,
,,,
,,,
,,,
,,,
,,,
,,,
,,,
,,,
,,,
,,,
,,,
,,,
,,,
,,,
,,,
,,,
,,,
,,,
,,,
,,,
,,,
,,,
,,,
,,,
,,,
,,,
,,,
,,,
,,,
,,,
,,,
,,,
,,,
,,,
,,,
,,,
,,,
,,,
,,,
,,,
,,,
,,,
,,,
,,,
,,,
,,,
,,,
,,,
,,,
